--
-- PostgreSQL database dump
--

SET statement_timeout = 0;
SET client_encoding = 'UTF8';
SET standard_conforming_strings = off;
SET check_function_bodies = false;
SET client_min_messages = warning;
SET escape_string_warning = off;

--
-- Name: plpgsql; Type: PROCEDURAL LANGUAGE; Schema: -; Owner: postgres
--

CREATE OR REPLACE PROCEDURAL LANGUAGE plpgsql;


ALTER PROCEDURAL LANGUAGE plpgsql OWNER TO postgres;

SET search_path = public, pg_catalog;

--
-- Name: is_integer(text); Type: FUNCTION; Schema: public; Owner: test
--

CREATE FUNCTION is_integer(text) RETURNS boolean
    LANGUAGE plpgsql IMMUTABLE
    AS $_$
            BEGIN
                PERFORM cast($1 AS INTEGER);
                RETURN 1;
            EXCEPTION
                WHEN INVALID_TEXT_REPRESENTATION THEN
                    RETURN 0;
            END;
            $_$;


ALTER FUNCTION public.is_integer(text) OWNER TO test;

SET default_tablespace = '';

SET default_with_oids = false;

--
-- Name: a; Type: TABLE; Schema: public; Owner: test; Tablespace: 
--

CREATE TABLE a (
    id integer NOT NULL,
    x real,
    w real
);


ALTER TABLE public.a OWNER TO test;

--
-- Name: ab; Type: TABLE; Schema: public; Owner: test; Tablespace: 
--

CREATE TABLE ab (
    id integer NOT NULL,
    a_id integer,
    b_id integer
);


ALTER TABLE public.ab OWNER TO test;

--
-- Name: b; Type: TABLE; Schema: public; Owner: test; Tablespace: 
--

CREATE TABLE b (
    id integer NOT NULL,
    y real
);


ALTER TABLE public.b OWNER TO test;

--
-- Name: bc; Type: TABLE; Schema: public; Owner: test; Tablespace: 
--

CREATE TABLE bc (
    id integer NOT NULL,
    b_id integer,
    c_id integer
);


ALTER TABLE public.bc OWNER TO test;

--
-- Name: c; Type: TABLE; Schema: public; Owner: test; Tablespace: 
--

CREATE TABLE c (
    id integer NOT NULL,
    z real,
    v real
);


ALTER TABLE public.c OWNER TO test;

--
-- Data for Name: a; Type: TABLE DATA; Schema: public; Owner: test
--

COPY a (id, x, w) FROM stdin;
2	2.11711097	1.44424105
3	0.761761963	1.1133275
4	0.910448611	0.356077671
5	-0.344232589	-0.496234447
6	0.982621551	0.386337638
7	1.80395317	0.0527242534
8	0.783585787	0.862371504
10	-1.38100231	-0.999618411
11	-0.285023153	-1.23723137
12	0.366163522	-0.448061675
13	0.827332377	0.578753889
14	-1.21304584	-0.535447836
15	0.440670162	0.171020254
16	0.730616271	0.170523345
17	-0.0667644069	0.503252327
19	0.723772347	-1.07204926
20	0.471470714	0.145118818
21	0.414938539	1.01219368
22	1.39145935	0.734112978
23	0.0130822286	0.387586653
24	-0.928008199	-0.434873134
25	-0.240839601	0.837990582
26	0.274361521	-0.530210376
28	-0.256802678	0.255321801
29	-0.313318402	-0.891850173
30	2.66756368	0.924809098
31	2.25177002	0.219522417
32	-1.02132523	-1.88140225
33	1.49802446	0.7502774
34	-0.105525449	-0.405623138
35	-0.534157515	0.355400711
37	0.782905936	-0.573015094
38	1.23258317	0.473302722
39	-1.49569166	-0.399124146
40	-0.686278105	0.139231354
41	1.17042243	0.913860559
42	-2.48744941	-0.998301983
43	-0.276281208	-0.580645502
44	-0.122442365	-0.295535922
46	-1.69794381	-1.31963921
47	0.266079754	0.490990996
48	0.404403597	0.000364781707
49	0.820198357	1.34449708
50	-2.38796854	-1.92586184
51	0.297420382	0.0425215587
52	-1.4283675	-0.761955261
53	1.14216936	0.877301157
55	-1.08311689	-0.417360663
56	0.741710544	-0.444081575
57	-1.06404376	-1.5976975
58	0.64213115	0.0965718329
59	-0.949889302	0.400677353
60	-2.3231566	-1.07269955
61	-2.08934903	-1.23121095
62	-1.15253174	-1.07597208
64	0.587157667	0.0733755082
65	0.337449193	0.762781501
66	-0.628412306	0.623307109
67	0.220190182	-0.64871788
68	1.4791609	1.86828303
69	-0.436990827	-1.36934316
70	-0.622817695	-0.207469538
71	0.0541375242	0.873390734
73	0.27896741	-1.40069962
228	2.30857635	1.72035372
229	0.915534317	-0.131495878
230	-2.5115273	-1.28050375
231	0.382245332	-0.124885805
232	-0.679342926	0.320060909
233	1.26428592	0.586985886
234	-0.0494009256	-0.328614414
236	-1.07438338	-1.8480792
237	0.605299354	0.168135032
238	0.86433512	-0.104559742
239	-1.78362119	-0.994749129
240	0.188210264	0.435009539
241	0.83026278	0.620920241
242	0.657233357	0.126946583
243	0.146700516	-0.79207325
245	0.0677508712	-0.0607389323
246	-0.320686579	-0.383783937
247	-0.0532335229	-0.677621484
248	-0.0553711951	0.0407012142
249	-1.11256802	-0.148678377
250	-2.30625939	-1.02987063
251	1.91040909	0.548099518
252	-0.633361161	-1.44538939
254	-0.323797047	-0.65975517
255	0.669894993	0.0645793751
256	0.0617869273	-0.104914621
257	-1.76158988	-0.5408957
258	-1.02217686	-1.39272082
259	0.775141716	0.111245014
260	-0.161818311	-0.179851681
261	0.37853837	-0.0889274627
263	-0.11779391	-0.887298048
264	-1.40452003	-0.452111363
265	-0.411293924	-0.262373269
266	0.115000837	-0.25852412
267	0.138977438	0.21079652
268	-2.32645082	-1.35894001
269	-0.275418282	0.0720345229
270	-0.0571893454	0.0333797596
272	-0.430752307	-0.203337699
273	0.13988173	-0.186082453
274	0.708386958	0.173696339
275	-1.50969636	-0.512226224
276	0.867524683	1.396662
277	-0.923192501	-0.979300499
278	-2.05333734	-0.808927178
279	0.00229145028	-0.329278171
281	-0.415334284	-0.591744959
282	0.296103746	-0.185706466
283	2.35797215	0.302360535
284	0.183720544	0.747603536
285	0.659209847	0.782045901
286	0.492762208	0.319253802
287	-1.31967509	-0.40041399
288	0.320287645	2.18650794
290	-1.31721127	-0.719803512
291	0.446394861	1.22271502
292	-0.351865113	-0.275148213
293	-1.19921684	-1.04593527
294	0.269141018	-0.191255942
295	-0.369931728	-0.693159223
296	1.01034701	1.51984417
297	1.30961192	0.117150903
299	0.30801487	0.130337909
454	-0.658658445	-0.647902429
455	1.97743583	1.11052454
456	0.430150658	-0.887086987
457	0.962012947	0.310710311
458	-0.356406152	-0.426971287
459	0.414623022	-0.305426002
460	-0.235043228	0.198124185
462	-0.393401295	-0.493786097
463	-0.380396336	-0.728863478
464	-1.16758907	-0.868513048
465	-0.433935881	-0.0286735278
466	1.04748499	1.06201303
467	1.04440629	0.493830889
468	-0.610059261	0.0215687323
469	-1.12744021	-0.735589027
471	-0.157104015	-0.553741038
472	-0.864671886	-0.313774645
473	0.34134686	0.491304189
474	-0.209179714	-0.148891345
475	-0.628770113	-0.135554865
476	-0.915860593	-1.49802017
477	-0.17852889	-0.216943458
478	-1.57857502	-2.25058126
480	-0.182458162	0.305704206
481	-0.550151467	0.16757746
482	0.608140349	0.791458666
483	-0.48614186	-0.713223577
484	-1.37769532	-0.40857926
485	0.0193602592	-0.101431005
486	0.0979894772	0.0477958061
487	0.645887733	-0.294270724
489	1.49985695	1.31818771
490	0.232185289	-0.313081622
491	0.971655369	0.703522801
492	0.0513602234	0.21780993
493	-1.49910128	-0.479132801
494	-1.01588535	-0.561156929
495	-1.10921645	-0.630954981
496	-1.50712204	-0.735223651
498	-0.791512191	0.136249483
499	0.313142657	-0.776342213
500	-0.187782511	-0.138327375
501	-0.323805451	-0.598932385
502	-0.150479138	0.430551082
503	1.13086677	0.525777936
504	1.24071133	1.26360834
505	-0.611077845	-0.986925721
507	1.66497362	1.07375002
508	-0.154548198	0.560896099
509	0.400150627	0.498610109
510	-1.3300159	-0.786183715
511	-0.997589886	-1.37603748
512	-1.12611949	-0.619152665
513	2.37343955	1.06261504
514	0.271627665	0.623405516
516	0.792934358	0.321769029
517	-1.37235749	-0.448438853
518	-1.54722166	-0.568018317
519	0.945346653	0.891027391
520	-0.39933461	0.55158937
521	-1.22579944	-1.28521562
522	-1.16442466	-0.850749671
523	1.72415733	0.632584989
525	-0.647237837	-1.83999717
680	-0.142851725	0.263989717
681	0.927090287	1.26259327
682	0.863966465	0.591619611
683	-1.53513598	-0.949881136
684	-1.70658195	-1.66862833
685	-1.55951393	-1.12178147
686	0.61923188	1.25972927
688	0.664645076	0.428540349
689	1.6260246	1.20868158
690	-0.0274558682	0.652955532
691	-1.38776815	-0.297422558
692	-1.0942812	-0.759051859
693	-1.78383613	-0.897435009
694	0.511557877	0.741772354
695	-0.393745244	-0.0985202789
697	-0.640881538	-0.608949721
698	0.131045461	-0.0764520243
699	0.241054595	0.521606028
700	-3.18348527	-1.31110466
701	1.06048584	0.598358274
702	-0.136906356	-0.25508672
703	0.259375572	0.882776618
704	-0.44283697	0.512815833
706	-0.933253586	-0.707348645
707	-1.70844972	-1.08480322
708	-0.168821499	-0.511767805
709	-0.119877376	0.0576938167
710	-0.224748805	-0.176468462
711	-1.27236569	0.483464152
712	-0.187837049	-0.633963168
713	-0.971473992	-0.321446121
715	-0.584142506	0.440900356
716	0.0632249117	-0.530234814
717	-1.61008823	-1.14758253
718	-0.0953762978	-0.247724459
719	1.79677176	0.442132264
720	0.151869342	0.491642952
721	-1.7515496	-1.55310023
722	1.36518037	-0.199753404
724	0.541690946	0.206281051
725	-0.403766662	-0.201184168
726	-0.196202144	-0.962472498
727	-0.362971812	-0.247242838
728	0.922151983	0.827556014
729	-0.547513723	-0.727285981
730	-0.317836046	-0.115605868
731	-0.255879581	0.0467218235
733	0.0700255111	-0.137094751
734	0.444751024	0.432916403
735	0.843068182	-0.258488923
736	-1.4197855	-0.221769258
737	-1.23605514	0.211263865
738	-0.277417243	0.0075780577
739	0.699799955	1.34304738
740	-1.01479387	-1.23424482
742	1.48234534	-0.0330296792
743	-1.08364487	-0.701917052
744	-0.796073794	-1.04817283
745	0.187839583	0.245627105
746	3.02247977	1.55444264
747	-0.147844627	-0.247434184
748	-1.06970203	-0.774881959
749	-0.741114676	-0.891165614
751	-1.54579461	-0.66895926
906	-0.240417182	0.0680854768
907	-0.566781402	-0.036336638
908	0.179540962	-0.00510107493
909	0.256186426	0.309759349
910	-0.743634343	-0.317341328
911	-0.165594265	0.250568211
912	-0.845595479	0.627914071
914	-1.27826381	-0.946732998
915	0.645552218	0.75037092
916	1.54887533	0.748972118
917	-1.41448855	0.332888663
918	-0.939893842	0.400687277
919	0.508836091	0.0634824708
920	-0.325205952	-1.01788497
921	0.902280688	0.248478368
923	0.0462755822	0.321960092
924	1.07699454	-0.0801171064
925	-0.185048267	0.0525247529
926	-0.931533217	-0.482171029
927	0.620323837	0.260730863
928	0.26662153	-0.0196520817
929	1.64436007	0.788287163
930	-0.835563958	-0.433435947
932	-0.685750902	-0.606577098
933	-0.746790767	0.151816159
934	0.231521323	0.0604203865
935	-0.492132813	0.25163433
936	0.105314419	-0.324986637
937	-1.43864357	-0.751889467
938	-0.894520164	-0.0959579498
939	-0.116084129	0.526303947
941	-0.78285408	-0.672119379
942	1.05612922	-0.473830789
943	-1.51751304	-0.800536335
944	-0.439651459	-0.565473557
945	-0.166536942	-0.410382092
946	0.548230231	-0.287303567
947	-1.07447863	-0.186824501
948	-1.009184	-0.375068784
950	1.11547339	0.307908714
951	0.115393154	0.0955642015
952	0.145677939	0.31758967
953	-0.444464326	-0.198023766
954	1.91605258	1.49490535
955	-0.304904103	-0.0762069449
956	0.424003363	0.268312156
957	-1.42904508	-1.24294603
959	-1.14313269	0.624729633
960	0.506629765	-1.21083879
961	-0.824653447	-0.782650948
962	1.60565305	0.152470544
963	-0.998682916	-0.0178850722
964	-1.48873246	-1.34984851
965	-1.94989932	-1.43974507
966	-1.06474149	-1.23186457
968	0.193211392	-0.472718626
969	0.321076423	-0.524590909
970	0.218892276	0.0922640115
971	-0.737152696	-0.41038233
972	0.184650972	0.277487934
973	0.423045963	-0.0751587078
974	-0.359043479	0.221571654
975	-0.341591626	-0.768271983
977	-0.415191293	-0.630899668
196	0.0603447706	-0.362343818
197	0.633153558	0.451886326
199	0.822381794	0.780945122
200	-1.39980519	-0.692437947
201	0.00160290452	-0.761430144
203	1.16407073	-0.317959785
204	0.907311618	0.98573184
205	-0.149418145	-0.126802623
207	0.323332518	0.401336521
208	-0.555387795	-0.825932205
210	0.954852641	-0.0315830521
211	-0.543534517	-1.45757973
212	1.89717281	1.02883422
214	2.72240233	1.23990715
215	-0.362966448	0.57119137
216	-1.21446466	-0.135930076
218	1.49505496	0.808651507
219	0.959501147	0.646945
221	-1.69461179	-0.814369678
222	-0.225830719	0.288784742
223	-1.06514001	-1.13842428
225	-1.10231876	-0.392877549
226	-0.0518157445	0.281774551
235	-0.363652408	-0.258771956
253	-0.835437238	-2.2615056
262	-2.15969396	-0.733208179
280	0.738935649	-0.146558046
289	-1.57188535	-1.0448029
298	-1.19088268	-0.807352722
301	-1.55354643	-1.06728911
302	-0.3753061	-0.597292542
303	-0.674919128	0.580195963
305	0.0624426268	-0.120269001
306	0.705837905	0.188997149
308	-0.351601988	0.161872
309	2.16053224	1.23791182
310	1.63364184	1.4066236
312	-0.627059042	0.701934814
313	-0.141257316	0.0492402501
314	0.166950524	-0.753603458
316	-1.51511347	0.13353312
317	0.312030911	-0.511757493
319	-0.734288871	-0.693372309
320	2.19912291	1.42995846
321	-0.170378029	-0.28686291
323	0.453913569	0.659732223
324	0.220240101	-1.27149045
325	0.481344938	-0.0238999687
327	2.74147129	2.42158437
328	1.72662783	0.905463934
330	-1.01446056	-1.1740272
331	1.53024268	0.413401991
332	-0.614809453	0.112902068
334	-0.420798749	-0.3739447
335	1.79664767	1.18119383
336	0.359567523	0.0687389672
338	-0.764924347	0.248577297
339	-0.210409075	-0.133118749
341	0.414038062	1.42375278
342	0.425604135	-0.00271993014
343	-2.36100769	-1.79270566
345	-1.25600755	-0.400007784
346	-0.401116878	0.0761280656
347	0.237497523	-0.0123864273
349	0.609772086	-0.687140048
552	1.67856646	0.80545783
553	1.09764516	1.36775875
555	0.782302141	0.523199618
556	0.810355008	0.789524078
557	2.0188024	0.879286528
559	1.44313538	0.404376239
560	0.0601851754	0.0667240769
561	2.14268851	1.13044429
563	-0.290812463	-0.092249535
564	-0.513675392	0.0583634116
566	0.997021258	0.288260013
567	-0.568158865	0.929025412
568	-0.205280229	-0.205888405
570	0.0625993386	0.388207555
571	1.60300183	0.624686003
572	-0.0647922829	0.297880918
574	-0.712328315	-0.0811701939
575	-0.793986022	-0.294080049
577	-0.00440995861	-0.133893564
578	0.407061636	-0.045997519
579	0.67700547	0.177865028
581	0.013628873	0.308198392
582	-0.617883921	0.0533786006
583	1.26967466	2.26814795
585	-0.374385387	0.477669537
586	0.0216786209	-0.179245457
588	0.44162944	0.334096581
589	-0.135415867	0.367122829
590	-1.20625806	-0.745210052
592	-0.784267128	-1.2789607
593	0.0488535799	-1.2586422
594	1.24454248	0.609428883
596	-0.56540215	-0.606957495
597	0.016326718	-0.834590435
599	-1.73558533	-0.802519023
600	0.0611981861	-0.311923891
601	0.843667924	0.424838632
603	0.0135116931	0.118505493
604	-0.703896642	-0.719619036
605	-0.16113396	-0.957969427
607	0.199265748	-0.227424487
608	0.446125776	-0.369056642
610	0.448382258	0.0892842859
611	0.643569469	-0.134509325
612	0.466125876	0.378309429
614	0.515225768	0.430423439
615	1.43900383	0.717553437
616	1.32838368	-0.128333718
618	0.232898846	0.313473642
619	1.58444917	1.02641797
621	-0.429006159	-0.556688547
622	2.41077399	0.652744532
623	0.0241067931	-0.778928638
625	0.98236531	0.191467643
626	0.156531781	0.934514403
627	1.63593876	1.00146234
629	0.36932534	0.0315305404
630	-1.46770453	-1.08436263
632	-0.218734711	-0.0156602059
633	0.991012931	0.28975454
634	0.488148451	-0.179480582
636	1.34391105	0.880619347
637	0.714427829	0.0626276582
638	-1.69342625	-1.68902683
640	-0.416987568	0.259979188
0	1.1746639	0.930343091
1	-0.378803849	-0.115551516
9	0.827450335	0.124167755
18	0.891663134	0.401110172
27	-2.35312486	-0.77862817
36	0.00826713722	0.257882804
45	0.204859629	0.696650147
54	-0.753466725	-0.873915493
63	-1.07097101	0.113790259
72	-2.04852629	-0.977337301
74	-2.09034753	-0.219400972
75	0.0714651793	-0.23845312
76	-0.422276467	-0.164539322
77	-0.0670164451	0.514450908
78	-0.17108497	0.135907635
79	2.41348696	1.13082933
80	1.02841401	0.795951247
81	0.00191702764	-0.356241763
82	2.41207123	0.742310703
83	0.521602511	-0.420980811
84	-1.20955014	-0.838157594
85	-0.661213338	0.233985573
86	-0.660347342	-0.973587155
87	-0.30244112	-1.44939327
88	1.0049547	0.55152601
89	-0.276870221	-0.622106254
90	-0.689720035	-0.0181354582
91	0.608843088	-0.442206323
92	1.11073947	0.935850799
93	-0.135006353	-0.0367727354
94	1.04550314	0.16768074
95	-0.216470301	-1.5857234
96	2.06542873	0.417702913
97	-0.540560186	-0.829461396
98	-0.311735779	0.270146668
99	0.243276805	0.470911354
100	-1.112041	0.0990259871
101	-1.3199861	-0.289541572
102	0.0992279127	0.61286509
103	0.310644388	0.228349343
104	0.873201966	-0.51315254
105	0.0434892774	1.09511566
106	0.673594236	-0.0526604168
107	-0.675860465	-0.443842411
108	0.0810022652	1.08174062
109	0.39979738	0.0658387914
110	-0.808299839	0.549272835
111	1.16410053	0.473918706
112	0.0256382562	-0.323405296
113	2.10412669	1.02526939
114	1.24566627	0.292068481
115	1.65599668	0.834373057
116	-0.760067344	0.2373541
117	-1.18744552	-0.650268674
118	-0.38045314	-0.657131076
119	-2.1334753	-0.438400954
120	-0.825525463	-0.332413375
121	-0.527174234	-0.584224343
122	-0.577478826	-1.20399082
123	0.765474796	0.210869521
124	-0.843557596	-1.84971023
125	-0.288294941	-1.43175566
126	-0.375200242	0.667114973
127	-0.774095058	-1.08771396
128	0.14522247	0.241381139
129	-0.596658766	0.469973713
130	-0.429100484	-1.26723385
131	0.66546309	0.384674609
132	0.0214360133	0.268369049
133	1.8695538	0.693319917
134	-2.49323893	-1.37619281
135	-0.645771086	0.512766838
136	0.365382999	0.107497707
137	-0.698984206	0.0351510309
138	0.664571881	0.994683564
139	-1.40592992	0.257668674
140	-0.26830703	0.932020545
141	-0.925503731	-1.02226627
142	1.95153081	0.705752969
143	-1.68528914	-1.55839324
144	0.907375753	0.732179165
145	1.72510254	1.82463217
146	-1.05574489	-0.699827671
147	0.939634979	0.684356928
148	-0.843904436	-0.550224602
149	-1.51084733	-0.318258047
150	0.497345775	0.0794027001
151	-1.3917743	-1.36484027
152	0.0311225373	-0.592957318
153	-1.0077858	-1.31006336
154	1.18221498	0.575875461
155	-0.615377545	-0.677629352
156	-1.07673728	-1.40906823
157	0.398556143	-2.58133268
158	-1.02148104	-0.483139455
159	0.406373411	0.192712203
160	0.769650936	0.0317545868
161	-1.29832077	-0.627277195
162	-0.668240666	-0.692950964
163	-0.507246554	-0.47790122
164	-1.62958026	-0.862421095
165	-1.12211502	-1.13262486
166	-0.54558593	-0.217648193
167	-0.765981317	-0.544154882
168	0.403715551	0.383699983
169	-0.0447664	0.105928838
170	-1.48935437	-0.960838377
171	-0.210820273	0.183011964
172	0.37285167	-0.112102777
843	1.40372229	0.274296761
844	-0.737746954	0.127601787
846	-0.98688972	0.172038019
847	-1.15101469	-0.846889138
849	-1.78978384	-0.919394851
850	0.573199213	0.295630991
851	-0.330302179	0.160746455
853	1.03913856	-0.0570897721
854	-1.89852059	-1.25793564
855	-1.63347447	-1.21467757
857	-1.0493356	0.118262544
858	-1.45222747	-1.85254562
860	-0.865649521	-0.941792905
861	0.0533380508	-0.498429745
862	0.846553683	-0.355768263
864	-0.850050986	-1.42052901
865	-0.195888385	-0.255645514
866	-0.376527518	0.0520243086
868	-0.230502129	0.392896861
869	0.995749712	-0.0481618233
871	-0.791681945	-0.914267361
872	-0.916121483	0.287916332
873	0.356588751	0.231550321
875	0.330401003	-0.17554374
876	0.287267715	0.282236308
877	-1.56163859	-1.03902292
879	-0.471038789	0.0782614797
880	-0.0305478778	-0.387182385
882	1.15969455	0.916656613
883	0.573768079	-0.57340014
884	0.206001848	0.346612871
886	-0.0225919522	0.583182573
887	-0.215404391	0.122174628
888	0.41235128	-0.629054725
890	1.65710151	1.73835218
891	-0.935919285	0.00278317276
893	0.567005694	-0.0959776267
894	2.94033289	0.928613961
895	-1.35761333	-0.0902570337
897	-0.0192481745	-1.02802646
898	-0.375036627	-0.149366587
899	-0.0892274231	-0.0806590915
901	0.444719046	0.0742660984
902	-1.02641952	-0.874444783
904	-1.73727381	-0.302862406
913	-0.00299250241	-1.4804666
922	-1.64123642	-1.24045718
940	-1.46063912	-0.962523937
949	-0.618591189	-1.22973955
958	1.34752166	0.128971562
976	0.320818782	0.385941356
978	-0.613200486	0.348977864
980	-0.602653623	-0.460137337
981	0.950409234	0.444938064
982	0.585560262	0.352932215
984	0.477159441	0.0762057602
985	0.271197319	0.658027291
986	-0.310582429	-1.17352057
988	-1.26836157	-0.465242505
989	0.113019064	-0.41451031
991	-1.55152059	-0.729115605
992	-0.000909408089	0.483385533
993	0.94996655	-0.543256581
995	-0.743037403	-0.790673077
996	-1.90146661	-0.506097138
997	-0.853590012	-0.806043148
999	0.0160751827	0.23011747
173	-0.978474617	-0.584495723
174	1.14733076	0.548354328
175	0.0702039897	0.12261878
176	-1.52246964	-1.43647873
177	1.96239328	1.48108995
178	-1.06202245	-0.871767998
179	-1.2471931	-0.804028988
180	1.05106747	0.186923787
181	-0.571082771	0.101055637
182	0.357783973	-0.577309012
183	1.29865623	0.43577686
184	0.468204767	-0.0657929853
185	0.136719599	0.416715533
186	-0.24968347	0.382293761
187	-2.01745915	-1.19906819
188	-0.379980117	-0.064328216
189	-0.826575756	-0.332162321
190	-0.326250613	-0.618385732
191	-1.42280078	-0.442809075
192	0.724948645	0.158001035
193	0.136214063	0.0136129269
194	1.06335711	1.47538996
195	-2.84734464	-1.23079276
198	-1.62706673	-1.40736783
202	0.115046673	-0.167725027
206	0.639610469	0.101920746
209	-0.537777126	0.0748338103
213	0.26326254	0.297392726
217	-0.524086833	-0.830203533
220	-1.94725013	-1.35561574
224	1.3894968	0.913282573
227	-0.844493866	-0.711909711
244	1.68786168	0.545161068
271	-1.62159002	-1.22550917
300	0.562034845	0.619599223
304	0.872014582	0.527502298
307	0.914953232	1.8064456
311	-1.32573855	-0.612349987
315	-0.024151247	0.588900387
318	0.132394806	0.59494257
322	-0.76153791	-0.123581402
326	-2.17871094	-1.56636631
329	-0.0415354706	0.752424479
333	-0.334487438	0.680950403
337	-0.0614468642	-0.0377582647
340	0.364014894	0.237577647
344	-0.431221485	-0.0564787611
348	0.795079827	-0.0414114483
350	-0.855740666	-0.196715519
351	-1.7212559	-0.784080386
352	-0.231478319	0.312195361
353	-0.397684574	-1.37491548
354	-2.34528065	-2.1092267
355	1.1660496	0.827764809
356	-0.638045251	-0.242970705
357	-0.355145395	1.12030733
358	0.368322521	-0.290386111
359	0.698763967	1.05635536
360	-0.236799419	-0.0253492333
361	1.96109533	1.69661927
362	0.601815462	0.175381348
363	-0.49129656	-0.600178361
364	1.6168772	1.00619388
365	1.57887173	0.913784266
366	-1.51273477	-2.25639963
367	-2.22337794	-1.88406098
368	-0.476422161	-0.405365825
369	-0.155370742	-0.201960966
370	1.10070288	-0.86462611
371	0.592965007	-0.702356875
372	-1.19096565	0.0764040425
373	-1.04870033	-1.4644686
374	1.05705214	1.50088656
375	-0.0115419142	0.0282355137
376	-1.69349718	-1.62750959
377	0.155069575	0.508073926
378	-0.670031905	-0.258903474
379	-0.205716953	0.845028996
380	2.03586006	0.846291125
381	0.479257256	0.863584697
382	-1.57005465	-0.781325936
383	-0.0307293162	-0.164856881
384	-0.420561641	-0.328812331
385	0.258847058	0.210659027
386	-0.269865036	0.471833944
387	1.17739606	0.504967153
388	-0.757907093	-0.627203226
389	-0.742841303	-0.717152238
390	-1.3176676	-0.37845704
391	0.596506834	-0.184887543
392	-0.696208417	-0.0153583325
393	-1.23276961	-0.360393733
394	-0.677347064	-1.05541134
395	-0.0535047315	-0.269765049
396	-0.724011123	0.245085344
397	0.0131058805	-0.37747556
398	0.112613544	0.316052437
399	-0.165451527	0.192395389
400	-0.192390814	-0.573456645
401	0.18167755	0.321386516
402	1.27050149	0.695016265
403	1.07979167	1.41457164
404	-0.300246656	-1.05173087
405	1.34382856	-0.674268067
406	-0.863801479	-1.1186738
407	-1.29743659	-0.307984829
408	-1.79584408	-1.16906357
409	-1.53017032	-0.213283584
410	-0.251634687	0.182313412
411	-0.228091344	-0.343757838
412	-0.0897821784	0.539224386
413	0.0327927396	-0.321523368
414	1.21878242	0.478669941
415	0.969765604	0.434925258
416	-0.654961884	0.372860789
417	0.697737932	0.0944617987
418	-0.820255816	-0.678831398
419	-1.71072006	-0.607929885
420	1.19293666	1.37647057
421	0.652024209	0.220510334
422	0.529900849	0.371567249
423	0.44987309	0.701274991
424	-1.35322821	-0.262280256
425	-0.39282465	-0.607069492
426	0.676380992	0.846583784
427	1.45542943	0.603306353
428	0.113957502	-0.283103734
429	-0.537036777	0.39676249
430	0.321420193	-0.653596103
431	-0.78403455	0.642335832
432	-0.952435493	-0.756414831
433	0.0126877017	-0.19917497
434	-1.90357268	-1.22520804
435	2.37688446	0.570186555
436	0.129939795	0.53198272
437	2.70580888	0.442278028
438	-2.23335624	-0.774965048
439	-0.173035905	0.0906986222
440	0.703789711	0.134531021
441	-0.3996934	-0.445391387
442	0.715285242	1.01328766
443	-0.739070117	0.000280769309
444	-0.0624899901	-0.550391138
445	1.1684978	0.792274237
446	-0.362699449	0.471568257
447	1.41537762	0.0877954215
448	0.35721001	-1.03932238
449	1.19960999	0.853896141
450	0.120397933	0.923912168
451	-0.545922577	-0.453252733
452	-0.778967321	-0.695925057
453	0.145926833	1.04287219
461	-0.263290823	-0.0160606317
470	1.68499124	1.35333002
479	-2.27477217	0.317804694
488	-1.16604996	-0.570695281
497	-0.283148229	0.156948283
506	0.791165888	0.446131587
515	-1.14421213	-0.985310614
524	0.159155786	-0.490426719
526	-1.34501743	-0.738658011
527	-1.40121102	-0.0557963178
528	-0.23634553	-0.158219948
529	0.331073642	0.130713165
530	0.493366659	0.768605649
531	0.0182753727	0.298995525
532	-0.765125155	0.120832592
533	0.158331588	0.256043881
534	-0.596143961	0.3140679
535	-0.903512299	-0.237632468
536	1.78944504	1.95973587
537	-0.300624639	-0.0181203522
538	1.00539756	1.69449973
539	-0.474034846	0.100391388
540	1.243837	0.573624671
541	1.81817281	0.531572878
542	1.25849462	-0.285769492
543	0.686107397	0.0772985443
544	-2.35177016	-1.96468222
545	-0.87999171	0.4353787
546	-1.0272454	-1.33040154
547	1.86772501	1.04445815
548	-0.930688083	-0.305969119
549	0.590808868	0.638986886
550	1.25586724	0.962505758
551	0.219684213	0.404875547
554	-0.136566073	-0.485086441
558	-1.09095907	-1.02079797
562	2.42444038	1.11823094
565	1.25638521	2.0370183
569	0.187905565	-0.0623747185
573	-1.15216696	0.259192526
576	0.909265697	0.774150431
580	0.579697728	-0.675411463
584	0.803958058	0.497763097
587	-1.92791915	-1.12246633
591	-0.0928940475	-0.634582937
595	-0.0600928478	0.315529406
598	-0.516470611	-0.988537669
602	-1.47459352	-1.22762358
606	1.17475474	0.611763477
609	2.53438282	1.08695769
613	0.0348582678	-0.232846618
617	1.60917568	0.638153791
620	2.70500016	1.23438549
624	0.501358211	0.127765194
628	-0.44779852	0.591223001
631	-0.0695619062	-1.01192284
635	-0.548288584	-0.641020358
639	-0.0804642513	0.242073521
641	-1.10810769	-0.184935391
642	1.10073721	0.159447089
643	-1.81127942	-0.43332082
644	-0.290110797	0.0659432262
645	0.50421375	-0.146005481
646	-0.151846796	-0.735655427
647	-0.979676068	-0.0305995066
648	1.24584222	-0.558856249
649	0.416438818	0.86366421
650	-0.435951263	-0.668314695
651	1.24428344	1.04468751
652	0.933024824	0.333040297
653	-1.61960256	-0.291644007
654	-1.0337472	-0.593628705
655	-0.90819633	-0.237298205
656	0.354789466	-0.136647701
657	0.261437982	0.254780412
658	0.362603903	1.09960067
659	-1.08217502	-0.457865804
660	-0.220119521	-0.690521777
661	0.763039172	0.357314289
662	-2.1944263	-1.18726969
663	-0.52444905	-0.0353623703
664	1.80256164	1.77546704
665	1.42992818	0.845068634
666	-1.90037537	-0.683721483
667	-0.0603187345	0.0927626193
668	-0.543612123	-0.671400964
669	-0.522884727	0.0515295491
670	-0.876867652	-0.993628502
671	0.925067544	0.68815726
672	0.43754226	-0.196133003
673	-1.10173428	0.117386989
674	-0.0800247341	-0.663861275
675	1.16119754	0.28766942
676	-0.048918698	-0.376376748
677	1.32870698	0.786708415
678	0.545008063	0.616874397
679	-1.31873703	-0.955938339
687	0.333136827	0.180185929
696	0.168756828	0.557168365
705	-1.37999105	-0.932315469
714	-1.39094496	-0.227416471
723	-2.53777647	-1.31649399
732	0.753963709	0.245730355
741	0.658699155	-0.741704166
750	0.164691105	0.225836471
752	-0.688326716	-1.05711019
753	2.2767067	1.32367802
754	0.526507795	-0.575461626
755	-0.794604123	0.191123292
756	-0.503433228	-0.490603387
757	0.565736294	0.45542556
758	-0.401182741	0.124900229
759	-0.773935676	-0.594575942
760	0.910554409	1.84459746
761	-0.327176601	-0.405667961
762	0.901134253	0.669946253
763	-0.206380293	-0.0692635328
764	-1.42460954	-1.2386601
765	0.184420288	0.431417137
766	-0.147805184	-0.14102079
767	-0.936288714	0.0433329754
768	3.05375004	1.86879432
769	0.12821199	0.130200222
770	2.11374784	0.502984703
771	0.740996122	1.10999513
772	-0.556914985	0.760745227
773	-0.922269285	-1.33579493
774	-1.25740755	-0.404949933
775	-0.77614224	-0.165163994
776	1.01010263	0.730275333
777	-1.01005375	-1.1734122
778	0.352830291	0.0819169134
779	-0.237447426	-0.659771979
780	-1.08546555	-0.53376472
781	-1.50111055	-1.62109792
782	-1.55327106	-1.4700073
783	-1.54195201	-0.372087389
784	-0.11560078	-0.0359779187
785	-1.0615015	-1.87079144
786	-0.0313035361	-0.35218218
787	-0.449580431	-0.382388353
788	0.634788454	-0.733538091
789	0.719905674	0.742607057
790	0.791718483	0.302345753
791	-0.15534614	-0.235064775
792	-0.380719632	-0.613982499
793	-0.150439277	-0.221509054
794	-2.82129073	-1.50873768
795	-1.45083261	-0.597479641
796	1.82811248	0.40222919
797	-0.962738037	-0.553779602
798	-0.750557303	0.108259179
799	-0.463384837	-0.486210883
800	0.158212036	0.197791189
801	-0.147379711	-0.261197001
802	0.383515954	0.509155452
803	1.70426166	0.846222162
804	2.04075623	0.892473042
805	0.393997192	0.527670145
806	-0.0160720423	-0.474792063
807	1.48531532	0.451946497
808	-1.25510693	-0.675512195
809	0.0830166191	0.0229003802
810	1.66665304	2.15073991
811	1.15657198	0.208507836
812	0.399114668	0.052277755
813	-0.971169531	-0.246663213
814	0.0672543198	0.480693161
815	1.60659611	0.845067382
816	0.824141562	-0.0462368913
817	-0.391191512	-0.466731101
818	-1.75200772	-0.875931561
819	0.765713692	0.828086317
820	-0.580351472	-0.470550239
821	-1.0997622	0.0661866367
822	0.404449791	0.227148414
823	0.285962284	-0.602343619
824	0.152573168	-1.31205583
825	0.0240208693	0.100696802
826	-0.156199515	0.700779796
827	0.885832548	0.153654933
828	1.49221349	-0.108317018
829	0.329142749	0.513278663
830	2.21634078	2.31719255
831	-0.673974872	-0.842847764
832	0.906842768	0.561854959
833	0.627513945	0.759441435
834	1.13471234	0.583154202
835	0.778486967	0.414984047
836	-0.659045279	0.142664194
837	-1.35920203	-1.71940529
838	-0.209897459	-0.0379014239
839	-0.355350167	-0.231003419
840	-0.546849728	-0.350641191
841	0.680171907	-0.745951593
842	0.920248508	0.459526211
845	-1.23619914	-0.255381018
848	0.212278709	1.29862654
852	-0.261261523	-0.646370113
856	-0.728440702	-0.965552747
859	-1.24637544	-0.528602839
863	0.247147068	0.0338892005
867	0.948861063	0.573853314
870	0.266845912	0.0578935035
874	0.0655440465	0.0794251412
878	-0.715307295	-0.784636915
881	-2.15148187	-1.31322002
885	1.11593497	1.14141119
889	0.503861487	1.25571501
892	0.597699225	1.35089719
896	0.454224974	-0.0160569642
900	0.898358285	0.930185735
903	-1.33130538	0.730866492
905	0.0904481336	-0.278308034
931	0.729351461	-1.45072508
967	-0.208567813	-1.42333877
979	0.0330038369	0.515328765
983	-1.1716907	-1.48006845
987	-1.49740565	-0.389329374
990	-3.04810953	-2.04967642
994	-2.52661705	-1.52351129
998	-0.0919095948	-0.241354853
\.


--
-- Data for Name: ab; Type: TABLE DATA; Schema: public; Owner: test
--

COPY ab (id, a_id, b_id) FROM stdin;
0	1	652
1	1	728
2	2	296
3	3	461
4	3	98
5	5	971
6	5	876
7	5	468
8	6	320
9	6	254
10	7	248
11	8	665
12	8	425
13	8	323
14	8	66
15	8	636
16	9	450
17	9	872
18	9	681
19	10	850
20	10	343
21	11	884
22	11	629
23	12	377
24	13	959
25	13	258
26	13	684
27	13	5
28	14	632
29	14	538
30	15	555
31	15	132
32	16	813
33	16	103
34	16	641
35	17	297
36	17	204
37	17	1
38	18	562
39	20	754
40	20	281
41	20	408
42	21	180
43	22	781
44	23	499
45	23	539
46	23	31
47	24	55
48	26	49
49	26	166
50	27	268
51	27	555
52	28	766
53	29	997
54	29	906
55	29	952
56	30	902
57	31	509
58	31	745
59	31	572
60	33	439
61	33	979
62	34	156
63	35	738
64	35	166
65	35	273
66	35	197
67	36	152
68	36	476
69	37	55
70	37	11
71	37	683
72	37	807
73	37	666
74	37	57
75	37	785
76	37	84
77	38	491
78	39	878
79	39	251
80	40	754
81	40	783
82	40	448
83	40	137
84	40	425
85	41	511
86	41	832
87	43	253
88	43	34
89	43	4
90	45	21
91	45	828
92	45	706
93	45	746
94	47	73
95	48	863
96	48	30
97	48	397
98	50	65
99	50	136
100	51	232
101	52	15
102	52	466
103	52	731
104	53	768
105	54	950
106	54	898
107	56	100
108	56	450
109	57	462
110	57	328
111	58	52
112	58	659
113	59	699
114	59	598
115	60	386
116	61	436
117	61	13
118	61	660
119	61	231
120	62	715
121	62	579
122	62	866
123	62	645
124	62	120
125	62	208
126	63	268
127	63	167
128	64	98
129	64	78
130	66	358
131	66	172
132	67	77
133	68	825
134	69	743
135	70	660
136	70	359
137	70	407
138	71	458
139	72	314
140	72	247
141	72	606
142	72	241
143	74	199
144	74	560
145	75	13
146	75	777
147	76	770
148	77	603
149	78	340
150	78	622
151	79	993
152	79	404
153	79	894
154	80	663
155	81	891
156	82	87
157	82	586
158	83	7
159	83	185
160	84	726
161	84	703
162	85	38
163	85	660
164	86	22
165	87	580
166	87	480
167	88	666
168	88	617
169	89	30
170	90	733
171	90	304
172	91	175
173	91	704
174	92	76
175	92	786
176	93	514
177	93	766
178	93	446
179	94	664
180	94	638
181	94	180
182	96	971
183	96	327
184	96	572
185	96	297
186	97	465
187	97	584
188	97	935
189	97	696
190	97	309
191	97	285
192	98	115
193	98	291
194	98	298
195	98	503
196	99	583
197	100	993
198	100	153
199	100	785
200	101	513
201	102	669
202	102	942
203	103	836
204	103	792
205	104	87
206	105	851
207	105	497
208	105	732
209	106	279
210	107	190
211	108	670
212	109	922
213	109	563
214	109	173
215	110	834
216	110	310
217	110	470
218	112	210
219	112	768
220	113	94
221	113	214
222	114	106
223	114	788
224	114	296
225	115	571
226	116	930
227	117	470
228	117	759
229	117	150
230	118	508
231	118	168
232	118	939
233	118	193
234	119	504
235	119	488
236	119	532
237	120	540
238	120	271
239	120	146
240	121	248
241	122	633
242	123	985
243	123	15
244	123	752
245	123	648
246	125	437
247	126	89
248	127	776
249	128	512
250	128	6
251	129	563
252	129	963
253	130	839
254	130	314
255	130	242
256	131	565
257	131	881
258	131	13
259	132	851
260	132	599
261	133	715
262	133	886
263	134	498
264	134	905
265	134	828
266	134	513
267	134	353
268	135	225
269	136	193
270	136	151
271	136	200
272	136	12
273	137	926
274	137	518
275	138	628
276	138	383
277	138	961
278	139	82
279	139	656
280	140	147
281	140	118
282	141	632
283	141	182
284	142	928
285	142	97
286	142	947
287	142	652
288	142	236
289	143	940
290	143	294
291	143	428
292	144	948
293	144	315
294	145	461
295	146	924
296	146	989
297	146	361
298	147	745
299	147	30
300	147	132
301	148	239
302	149	298
303	149	354
304	150	304
305	150	52
306	150	432
307	150	867
308	151	547
309	151	684
310	153	653
311	153	199
312	155	691
313	155	722
314	155	692
315	156	589
316	156	136
317	156	225
318	156	438
319	158	703
320	158	657
321	158	59
322	159	679
323	160	513
324	161	172
325	161	724
326	161	416
327	161	412
328	162	967
329	162	484
330	162	27
331	162	133
332	163	462
333	164	234
334	164	755
335	165	717
336	165	655
337	166	979
338	166	305
339	167	100
340	167	535
341	168	319
342	168	330
343	168	130
344	168	916
345	168	569
346	168	859
347	169	568
348	170	953
349	170	116
350	170	265
351	170	517
352	171	582
353	171	888
354	172	206
355	172	955
356	172	629
357	172	946
358	173	186
359	173	943
360	175	756
361	176	857
362	176	840
363	176	534
364	176	913
365	177	728
366	177	513
367	177	783
368	177	72
369	177	397
370	177	541
371	178	52
372	178	623
373	179	851
374	180	186
375	180	155
376	180	654
377	181	581
378	181	907
379	182	297
380	182	437
381	183	805
382	184	7
383	184	212
384	184	560
385	185	41
386	185	54
387	186	651
388	188	748
389	188	248
390	188	308
391	188	874
392	188	681
393	189	875
394	189	452
395	190	340
396	190	250
397	190	433
398	190	770
399	192	747
400	192	68
401	192	103
402	193	14
403	193	593
404	194	621
405	194	164
406	195	236
407	195	81
408	196	959
409	197	780
410	198	351
411	198	959
412	198	248
413	198	663
414	200	623
415	201	778
416	201	763
417	203	672
418	203	185
419	204	319
420	205	97
421	205	892
422	205	309
423	206	279
424	206	745
425	208	200
426	208	549
427	209	916
428	209	670
429	209	28
430	209	190
431	210	575
432	210	113
433	210	613
434	212	510
435	212	611
436	212	352
437	213	42
438	213	267
439	213	8
440	214	649
441	214	658
442	214	930
443	214	128
444	214	280
445	214	47
446	215	126
447	215	93
448	215	52
449	215	596
450	215	653
451	216	145
452	217	58
453	218	775
454	218	448
455	219	181
456	219	321
457	219	728
458	219	328
459	220	818
460	220	478
461	220	821
462	220	35
463	221	100
464	221	314
465	222	309
466	222	550
467	222	295
468	223	849
469	223	576
470	223	550
471	224	830
472	224	0
473	224	110
474	225	112
475	226	413
476	226	34
477	227	794
478	227	509
479	227	43
480	228	14
481	228	483
482	228	710
483	228	714
484	229	172
485	230	341
486	231	717
487	232	361
488	233	961
489	234	895
490	234	147
491	234	661
492	235	233
493	235	22
494	235	591
495	235	879
496	235	356
497	235	390
498	235	173
499	236	632
500	237	87
501	238	21
502	238	720
503	239	328
504	239	409
505	240	384
506	240	831
507	241	428
508	241	350
509	242	45
510	243	547
511	243	42
512	244	420
513	244	184
514	244	999
515	245	613
516	246	504
517	247	560
518	248	681
519	248	896
520	249	997
521	250	23
522	250	941
523	251	434
524	251	903
525	251	14
526	251	590
527	252	96
528	254	213
529	254	931
530	255	390
531	255	119
532	255	148
533	255	339
534	256	20
535	256	139
536	256	803
537	257	95
538	257	895
539	258	572
540	258	539
541	259	130
542	259	280
543	259	544
544	261	16
545	261	416
546	261	512
547	261	273
548	262	545
549	262	409
550	262	159
551	262	414
552	262	463
553	262	453
554	262	658
555	263	617
556	263	665
557	263	928
558	264	245
559	264	506
560	264	751
561	265	2
562	266	462
563	268	800
564	268	196
565	268	365
566	269	280
567	270	849
568	271	791
569	272	413
570	272	674
571	273	0
572	273	997
573	273	461
574	273	205
575	274	490
576	275	150
577	275	19
578	275	693
579	275	602
580	277	847
581	277	583
582	277	810
583	278	569
584	278	559
585	278	664
586	278	299
587	279	763
588	280	827
589	280	62
590	281	659
591	281	843
592	281	882
593	281	492
594	281	31
595	282	564
596	282	334
597	282	369
598	284	839
599	284	640
600	284	212
601	285	387
602	285	991
603	285	701
604	285	713
605	286	241
606	286	801
607	286	4
608	287	28
609	287	610
610	287	542
611	287	611
612	289	224
613	289	528
614	289	458
615	289	789
616	290	567
617	290	40
618	291	744
619	292	214
620	292	301
621	292	476
622	292	87
623	293	51
624	294	786
625	295	8
626	297	165
627	297	916
628	297	236
629	298	914
630	298	271
631	299	393
632	299	649
633	300	656
634	300	517
635	300	283
636	300	245
637	301	35
638	301	36
639	302	192
640	302	654
641	302	333
642	303	836
643	304	520
644	304	527
645	305	643
646	305	212
647	306	953
648	306	929
649	306	321
650	306	452
651	306	172
652	307	783
653	307	199
654	308	399
655	310	246
656	310	345
657	310	926
658	310	889
659	310	680
660	311	380
661	312	37
662	312	424
663	312	287
664	313	953
665	313	901
666	313	513
667	314	829
668	314	793
669	314	64
670	315	358
671	316	425
672	316	635
673	316	396
674	317	862
675	317	528
676	317	817
677	317	658
678	318	573
679	319	707
680	319	265
681	320	636
682	320	250
683	321	363
684	321	366
685	321	119
686	322	917
687	322	136
688	323	660
689	325	105
690	325	511
691	327	916
692	327	91
693	327	174
694	328	127
695	328	41
696	329	499
697	329	131
698	331	165
699	331	833
700	331	718
701	332	634
702	332	454
703	332	356
704	332	231
705	332	195
706	333	350
707	333	571
708	334	18
709	334	941
710	334	561
711	334	681
712	337	23
713	339	714
714	339	297
715	342	831
716	342	234
717	343	746
718	343	472
719	343	94
720	343	637
721	343	218
722	343	284
723	343	987
724	344	341
725	344	520
726	344	844
727	345	653
728	345	803
729	345	774
730	345	820
731	345	117
732	346	556
733	346	676
734	347	148
735	347	79
736	348	621
737	348	895
738	348	718
739	349	171
740	349	302
741	350	287
742	350	623
743	350	20
744	351	880
745	352	830
746	352	113
747	353	553
748	354	482
749	355	586
750	355	587
751	356	587
752	357	786
753	357	400
754	358	962
755	359	25
756	359	441
757	360	103
758	361	519
759	361	858
760	362	430
761	362	138
762	362	740
763	363	450
764	364	545
765	365	208
766	365	96
767	367	177
768	368	420
769	369	234
770	371	340
771	371	468
772	371	966
773	372	17
774	372	682
775	373	812
776	373	670
777	374	729
778	374	335
779	374	538
780	375	666
781	375	809
782	376	385
783	376	582
784	377	516
785	377	731
786	377	843
787	379	835
788	381	711
789	381	587
790	381	575
791	382	545
792	382	271
793	382	367
794	382	52
795	382	53
796	383	311
797	383	665
798	384	529
799	384	975
800	384	677
801	384	276
802	385	637
803	385	119
804	385	216
805	386	937
806	387	810
807	387	131
808	388	831
809	388	865
810	388	38
811	389	372
812	390	646
813	391	741
814	392	350
815	392	450
816	393	477
817	393	718
818	393	798
819	394	316
820	395	40
821	395	579
822	395	351
823	395	185
824	398	267
825	398	773
826	399	355
827	399	228
828	400	167
829	400	968
830	400	532
831	400	994
832	401	555
833	401	388
834	402	949
835	403	748
836	405	3
837	405	772
838	405	201
839	406	338
840	406	123
841	406	84
842	407	246
843	408	609
844	408	331
845	408	335
846	409	242
847	409	214
848	409	792
849	410	411
850	410	4
851	410	426
852	411	347
853	412	502
854	412	76
855	413	824
856	413	897
857	413	155
858	414	965
859	414	189
860	415	536
861	415	456
862	416	967
863	416	977
864	417	788
865	417	697
866	417	78
867	417	727
868	417	950
869	418	487
870	419	422
871	419	838
872	419	337
873	420	212
874	421	227
875	421	257
876	422	386
877	422	269
878	423	584
879	424	692
880	425	92
881	425	865
882	425	340
883	426	176
884	426	946
885	426	496
886	427	72
887	427	574
888	427	205
889	430	654
890	430	902
891	430	503
892	431	552
893	431	25
894	432	446
895	432	405
896	433	40
897	434	151
898	435	31
899	435	422
900	436	587
901	437	315
902	437	92
903	438	638
904	439	468
905	439	884
906	440	304
907	440	984
908	440	722
909	441	488
910	441	733
911	441	460
912	442	832
913	442	940
914	443	575
915	443	274
916	444	841
917	444	104
918	446	540
919	446	183
920	447	182
921	447	939
922	447	489
923	447	799
924	448	194
925	448	104
926	449	937
927	449	769
928	449	455
929	450	456
930	450	951
931	450	827
932	451	578
933	451	678
934	452	476
935	452	490
936	452	359
937	453	716
938	453	169
939	453	957
940	453	748
941	453	111
942	454	447
943	454	558
944	454	45
945	455	916
946	455	793
947	456	682
948	456	311
949	458	934
950	458	440
951	458	359
952	458	152
953	458	116
954	459	846
955	459	471
956	460	691
957	461	878
958	461	205
959	461	773
960	461	94
961	461	443
962	462	506
963	463	627
964	463	869
965	464	260
966	464	692
967	464	808
968	465	359
969	465	735
970	465	105
971	465	300
972	466	736
973	466	98
974	467	926
975	469	476
976	469	12
977	470	749
978	470	386
979	471	58
980	471	445
981	471	78
982	471	355
983	472	638
984	473	93
985	473	954
986	473	313
987	474	967
988	475	126
989	475	141
990	476	248
991	476	486
992	476	458
993	476	709
994	476	777
995	477	294
996	477	142
997	477	144
998	477	356
999	478	422
1000	480	112
1001	481	165
1002	481	707
1003	481	774
1004	481	344
1005	482	718
1006	482	437
1007	482	203
1008	482	19
1009	483	715
1010	483	866
1011	483	760
1012	484	415
1013	484	337
1014	485	151
1015	486	4
1016	486	656
1017	487	591
1018	487	595
1019	488	224
1020	489	560
1021	489	617
1022	489	376
1023	489	452
1024	490	92
1025	490	300
1026	490	662
1027	491	583
1028	492	46
1029	492	663
1030	493	680
1031	493	413
1032	493	110
1033	494	955
1034	494	716
1035	495	490
1036	495	110
1037	497	617
1038	498	989
1039	498	179
1040	498	42
1041	498	255
1042	499	725
1043	499	764
1044	499	717
1045	499	751
1046	500	936
1047	500	425
1048	501	532
1049	501	633
1050	502	562
1051	502	808
1052	502	21
1053	502	412
1054	503	249
1055	503	509
1056	503	891
1057	504	914
1058	505	154
1059	505	29
1060	505	473
1061	505	368
1062	505	112
1063	506	582
1064	506	559
1065	506	501
1066	506	345
1067	506	804
1068	507	937
1069	507	565
1070	507	777
1071	507	597
1072	507	407
1073	507	98
1074	508	420
1075	509	130
1076	510	404
1077	510	201
1078	511	623
1079	511	38
1080	512	904
1081	513	947
1082	513	616
1083	513	679
1084	513	678
1085	513	845
1086	513	598
1087	514	716
1088	516	881
1089	516	801
1090	517	635
1091	518	5
1092	518	536
1093	518	726
1094	518	482
1095	519	226
1096	519	425
1097	520	938
1098	520	994
1099	520	539
1100	520	162
1101	521	328
1102	522	325
1103	522	389
1104	524	362
1105	524	6
1106	524	988
1107	525	870
1108	526	795
1109	526	514
1110	527	908
1111	527	352
1112	527	333
1113	528	669
1114	528	848
1115	529	696
1116	529	490
1117	529	269
1118	530	83
1119	531	346
1120	531	525
1121	532	624
1122	532	138
1123	532	666
1124	533	255
1125	533	981
1126	533	994
1127	533	286
1128	534	475
1129	534	873
1130	535	591
1131	535	701
1132	537	711
1133	537	448
1134	538	761
1135	539	762
1136	539	49
1137	539	282
1138	539	9
1139	540	430
1140	541	202
1141	542	105
1142	542	961
1143	543	11
1144	543	167
1145	543	589
1146	545	20
1147	545	9
1148	545	456
1149	546	604
1150	547	457
1151	548	852
1152	548	557
1153	548	404
1154	549	341
1155	549	671
1156	549	276
1157	550	454
1158	550	797
1159	552	686
1160	553	187
1161	553	3
1162	553	269
1163	554	417
1164	554	537
1165	555	568
1166	556	545
1167	557	749
1168	557	684
1169	558	491
1170	558	930
1171	559	533
1172	559	211
1173	559	381
1174	560	449
1175	560	359
1176	561	704
1177	561	815
1178	562	927
1179	562	797
1180	563	978
1181	563	909
1182	563	201
1183	564	744
1184	564	442
1185	564	759
1186	565	299
1187	565	94
1188	566	183
1189	567	461
1190	568	777
1191	568	36
1192	569	228
1193	570	69
1194	571	4
1195	571	546
1196	571	689
1197	571	346
1198	571	278
1199	572	780
1200	574	169
1201	574	141
1202	575	943
1203	575	963
1204	576	884
1205	576	733
1206	577	849
1207	577	329
1208	578	97
1209	578	691
1210	579	850
1211	579	370
1212	580	617
1213	581	621
1214	582	961
1215	582	105
1216	584	885
1217	584	955
1218	585	25
1219	586	57
1220	586	933
1221	586	499
1222	586	46
1223	586	309
1224	587	860
1225	587	425
1226	587	359
1227	587	259
1228	588	314
1229	589	449
1230	589	71
1231	589	726
1232	589	868
1233	590	3
1234	590	547
1235	591	432
1236	591	11
1237	592	732
1238	594	896
1239	594	852
1240	594	544
1241	594	735
1242	594	887
1243	595	676
1244	595	733
1245	595	235
1246	595	202
1247	596	701
1248	596	238
1249	596	382
1250	596	539
1251	599	623
1252	599	648
1253	599	709
1254	599	31
1255	600	480
1256	600	619
1257	601	365
1258	601	621
1259	602	654
1260	602	808
1261	603	791
1262	603	182
1263	603	777
1264	604	401
1265	604	945
1266	604	417
1267	604	895
1268	605	785
1269	605	406
1270	605	586
1271	605	95
1272	605	589
1273	606	372
1274	606	944
1275	606	172
1276	607	105
1277	607	217
1278	608	296
1279	608	529
1280	609	465
1281	609	488
1282	609	927
1283	610	180
1284	610	255
1285	611	903
1286	612	890
1287	612	379
1288	613	672
1289	613	530
1290	614	367
1291	614	180
1292	614	457
1293	614	147
1294	615	393
1295	616	657
1296	616	192
1297	617	942
1298	617	240
1299	617	413
1300	617	915
1301	617	424
1302	618	643
1303	619	88
1304	619	379
1305	620	373
1306	620	459
1307	622	998
1308	622	965
1309	622	509
1310	622	209
1311	624	278
1312	624	162
1313	625	406
1314	625	128
1315	626	662
1316	626	691
1317	626	552
1318	626	785
1319	626	246
1320	627	680
1321	627	373
1322	627	486
1323	627	536
1324	628	265
1325	628	107
1326	629	19
1327	629	52
1328	630	681
1329	630	291
1330	630	459
1331	630	556
1332	630	727
1333	631	413
1334	631	647
1335	632	828
1336	632	53
1337	632	379
1338	633	413
1339	634	276
1340	635	475
1341	635	284
1342	635	113
1343	635	499
1344	635	875
1345	635	853
1346	636	181
1347	637	932
1348	637	415
1349	637	521
1350	637	146
1351	638	411
1352	639	447
1353	639	337
1354	639	6
1355	640	87
1356	640	352
1357	640	596
1358	640	747
1359	640	222
1360	640	815
1361	641	738
1362	642	891
1363	642	801
1364	643	948
1365	644	357
1366	644	711
1367	644	187
1368	644	748
1369	645	883
1370	645	430
1371	645	862
1372	645	25
1373	646	209
1374	646	22
1375	646	842
1376	647	608
1377	647	848
1378	649	708
1379	649	46
1380	650	87
1381	650	875
1382	651	990
1383	651	986
1384	651	998
1385	652	564
1386	653	674
1387	653	306
1388	654	755
1389	654	716
1390	655	357
1391	655	718
1392	656	249
1393	657	908
1394	657	238
1395	658	993
1396	658	739
1397	658	455
1398	658	991
1399	658	119
1400	659	755
1401	661	347
1402	661	840
1403	662	43
1404	662	710
1405	662	566
1406	662	319
1407	663	744
1408	663	567
1409	664	499
1410	664	914
1411	665	945
1412	665	150
1413	666	439
1414	667	275
1415	668	579
1416	669	389
1417	670	601
1418	671	121
1419	671	305
1420	671	835
1421	671	177
1422	674	506
1423	674	757
1424	676	675
1425	676	989
1426	676	494
1427	677	388
1428	677	405
1429	678	128
1430	678	911
1431	679	758
1432	680	897
1433	680	131
1434	680	663
1435	681	108
1436	681	460
1437	682	671
1438	683	797
1439	684	199
1440	684	69
1441	684	836
1442	684	328
1443	684	432
1444	685	4
1445	687	703
1446	688	138
1447	688	714
1448	688	818
1449	689	358
1450	690	144
1451	691	545
1452	692	774
1453	693	609
1454	695	134
1455	695	922
1456	696	910
1457	697	77
1458	697	325
1459	698	407
1460	698	337
1461	699	342
1462	699	280
1463	700	862
1464	701	702
1465	701	32
1466	702	547
1467	702	597
1468	702	577
1469	704	135
1470	704	869
1471	705	274
1472	705	852
1473	705	326
1474	706	57
1475	706	123
1476	706	88
1477	707	538
1478	707	723
1479	708	865
1480	709	469
1481	709	14
1482	710	509
1483	711	457
1484	711	947
1485	711	710
1486	712	427
1487	712	295
1488	712	766
1489	713	967
1490	713	973
1491	714	860
1492	714	416
1493	715	258
1494	716	469
1495	716	663
1496	716	685
1497	716	761
1498	717	199
1499	717	615
1500	718	711
1501	718	593
1502	719	678
1503	719	917
1504	719	599
1505	720	669
1506	720	139
1507	721	588
1508	721	189
1509	721	417
1510	721	266
1511	721	702
1512	721	359
1513	722	335
1514	722	613
1515	722	531
1516	723	251
1517	723	305
1518	724	911
1519	724	194
1520	724	29
1521	724	18
1522	724	726
1523	725	834
1524	725	993
1525	725	260
1526	727	421
1527	727	54
1528	727	100
1529	728	239
1530	728	714
1531	730	51
1532	730	955
1533	730	551
1534	732	357
1535	732	174
1536	732	994
1537	733	265
1538	734	924
1539	735	944
1540	735	903
1541	736	106
1542	736	475
1543	737	486
1544	737	692
1545	738	503
1546	739	905
1547	740	530
1548	742	136
1549	742	569
1550	743	515
1551	743	225
1552	743	193
1553	743	52
1554	744	474
1555	744	341
1556	745	835
1557	745	545
1558	745	100
1559	745	161
1560	745	110
1561	746	621
1562	746	703
1563	747	13
1564	747	218
1565	747	238
1566	747	362
1567	748	294
1568	749	819
1569	750	845
1570	751	402
1571	752	818
1572	752	110
1573	752	633
1574	753	331
1575	753	116
1576	753	845
1577	753	578
1578	754	85
1579	754	409
1580	755	411
1581	756	399
1582	756	364
1583	757	160
1584	758	83
1585	759	937
1586	759	189
1587	759	89
1588	760	20
1589	761	695
1590	761	402
1591	762	408
1592	762	338
1593	763	334
1594	763	419
1595	763	920
1596	765	917
1597	765	988
1598	765	349
1599	766	963
1600	766	357
1601	767	181
1602	767	32
1603	767	147
1604	767	75
1605	768	208
1606	770	961
1607	771	287
1608	771	187
1609	772	337
1610	772	573
1611	772	284
1612	772	430
1613	773	808
1614	774	331
1615	774	710
1616	775	572
1617	775	262
1618	776	289
1619	776	976
1620	777	668
1621	777	472
1622	778	632
1623	779	668
1624	780	881
1625	780	998
1626	781	347
1627	781	496
1628	781	230
1629	782	311
1630	782	412
1631	782	749
1632	782	784
1633	783	2
1634	784	9
1635	784	678
1636	785	453
1637	785	788
1638	785	98
1639	785	901
1640	786	555
1641	786	721
1642	787	665
1643	787	690
1644	787	816
1645	787	829
1646	787	760
1647	787	717
1648	788	34
1649	788	408
1650	788	692
1651	788	709
1652	788	785
1653	789	622
1654	789	857
1655	790	649
1656	790	431
1657	790	621
1658	791	640
1659	794	10
1660	795	751
1661	795	952
1662	796	355
1663	796	52
1664	796	15
1665	797	629
1666	797	716
1667	797	794
1668	797	241
1669	797	775
1670	798	202
1671	798	584
1672	799	785
1673	799	596
1674	800	718
1675	801	418
1676	801	329
1677	802	12
1678	802	243
1679	802	250
1680	803	993
1681	803	596
1682	803	938
1683	803	317
1684	803	311
1685	804	61
1686	804	338
1687	805	736
1688	806	962
1689	806	982
1690	807	775
1691	807	559
1692	807	981
1693	807	553
1694	807	972
1695	808	431
1696	808	75
1697	808	588
1698	809	797
1699	809	285
1700	809	387
1701	809	478
1702	810	396
1703	810	360
1704	811	299
1705	812	910
1706	813	437
1707	813	42
1708	814	957
1709	814	71
1710	815	310
1711	815	39
1712	815	244
1713	815	520
1714	816	742
1715	816	662
1716	816	165
1717	817	409
1718	817	779
1719	818	640
1720	818	811
1721	818	670
1722	818	747
1723	818	508
1724	818	193
1725	819	640
1726	820	86
1727	820	598
1728	820	204
1729	820	323
1730	822	431
1731	823	506
1732	823	743
1733	824	795
1734	825	234
1735	828	86
1736	828	165
1737	828	17
1738	829	730
1739	829	68
1740	830	194
1741	830	779
1742	830	162
1743	831	447
1744	831	443
1745	832	344
1746	833	400
1747	834	113
1748	834	409
1749	835	807
1750	835	32
1751	836	163
1752	836	349
1753	838	352
1754	838	77
1755	838	196
1756	838	275
1757	838	311
1758	838	673
1759	839	387
1760	839	450
1761	840	348
1762	840	712
1763	840	101
1764	842	436
1765	842	566
1766	842	946
1767	842	824
1768	843	614
1769	843	253
1770	844	211
1771	845	962
1772	845	275
1773	846	522
1774	846	565
1775	847	126
1776	847	330
1777	847	684
1778	847	67
1779	849	125
1780	849	873
1781	850	490
1782	850	604
1783	851	72
1784	852	918
1785	852	439
1786	853	422
1787	853	168
1788	854	974
1789	854	346
1790	854	587
1791	855	816
1792	855	986
1793	855	985
1794	856	860
1795	857	212
1796	857	765
1797	857	336
1798	857	511
1799	858	553
1800	859	935
1801	859	927
1802	859	96
1803	860	502
1804	860	703
1805	860	456
1806	861	377
1807	861	473
1808	861	940
1809	862	166
1810	863	489
1811	863	965
1812	864	802
1813	864	864
1814	865	195
1815	865	242
1816	866	580
1817	866	154
1818	866	640
1819	867	352
1820	867	336
1821	867	278
1822	868	107
1823	868	53
1824	869	43
1825	869	252
1826	869	850
1827	869	171
1828	869	812
1829	870	832
1830	870	413
1831	870	626
1832	871	960
1833	871	841
1834	872	328
1835	872	894
1836	872	877
1837	872	807
1838	873	444
1839	873	539
1840	873	112
1841	875	743
1842	876	125
1843	876	636
1844	877	575
1845	877	886
1846	877	794
1847	879	295
1848	880	111
1849	881	601
1850	882	411
1851	882	492
1852	882	786
1853	883	871
1854	883	584
1855	883	383
1856	883	476
1857	883	615
1858	883	880
1859	884	97
1860	884	385
1861	884	951
1862	886	769
1863	886	82
1864	886	310
1865	887	221
1866	887	927
1867	887	69
1868	887	315
1869	887	915
1870	888	576
1871	888	192
1872	888	478
1873	889	530
1874	889	672
1875	891	114
1876	893	958
1877	893	673
1878	894	171
1879	894	783
1880	894	906
1881	895	483
1882	895	431
1883	895	773
1884	895	181
1885	896	35
1886	896	702
1887	896	467
1888	897	938
1889	898	304
1890	898	69
1891	898	448
1892	899	869
1893	901	628
1894	902	782
1895	903	76
1896	904	924
1897	905	374
1898	905	849
1899	906	882
1900	906	372
1901	906	546
1902	907	498
1903	907	679
1904	907	242
1905	907	210
1906	908	19
1907	908	776
1908	909	864
1909	909	124
1910	911	157
1911	911	313
1912	911	597
1913	912	334
1914	912	246
1915	913	95
1916	914	97
1917	914	404
1918	914	257
1919	915	134
1920	915	225
1921	916	295
1922	916	601
1923	916	699
1924	916	391
1925	917	7
1926	917	291
1927	919	972
1928	919	911
1929	920	547
1930	921	932
1931	923	68
1932	923	914
1933	924	863
1934	925	845
1935	925	987
1936	925	933
1937	926	312
1938	926	314
1939	927	487
1940	928	462
1941	928	249
1942	929	159
1943	929	268
1944	929	415
1945	930	788
1946	930	128
1947	931	419
1948	932	844
1949	932	429
1950	932	817
1951	932	558
1952	932	42
1953	933	772
1954	933	811
1955	933	95
1956	934	91
1957	934	228
1958	934	995
1959	934	565
1960	936	860
1961	936	320
1962	936	553
1963	936	114
1964	937	678
1965	938	79
1966	940	217
1967	940	56
1968	941	801
1969	941	10
1970	941	634
1971	942	934
1972	943	354
1973	944	630
1974	945	978
1975	945	697
1976	945	679
1977	946	16
1978	948	44
1979	948	392
1980	949	994
1981	949	657
1982	950	397
1983	950	294
1984	950	76
1985	950	197
1986	951	346
1987	952	154
1988	952	484
1989	952	549
1990	953	835
1991	953	291
1992	953	820
1993	953	204
1994	955	757
1995	956	552
1996	956	683
1997	957	819
1998	958	447
1999	958	15
2000	958	847
2001	958	131
2002	959	15
2003	961	483
2004	961	803
2005	961	528
2006	962	113
2007	963	755
2008	964	715
2009	965	16
2010	966	658
2011	967	690
2012	967	194
2013	967	980
2014	967	44
2015	968	914
2016	968	269
2017	968	565
2018	968	506
2019	969	634
2020	970	951
2021	971	289
2022	973	144
2023	973	769
2024	977	437
2025	977	894
2026	977	695
2027	977	50
2028	977	934
2029	977	300
2030	978	560
2031	978	716
2032	978	361
2033	978	192
2034	978	547
2035	978	780
2036	980	509
2037	980	362
2038	980	980
2039	981	706
2040	981	635
2041	982	158
2042	983	24
2043	983	403
2044	983	942
2045	983	547
2046	983	474
2047	984	763
2048	984	226
2049	985	747
2050	985	189
2051	985	141
2052	985	639
2053	987	345
2054	987	46
2055	988	854
2056	988	390
2057	989	960
2058	989	339
2059	990	326
2060	990	388
2061	991	226
2062	991	311
2063	991	688
2064	992	526
2065	992	687
2066	992	713
2067	992	909
2068	992	236
2069	993	398
2070	993	409
2071	993	544
2072	994	617
2073	995	2
2074	996	358
2075	996	845
2076	997	742
2077	997	261
2078	998	871
2079	998	925
2080	998	49
2081	998	714
2082	998	941
2083	998	87
2084	998	126
2085	999	988
2086	999	703
2087	999	607
2088	999	10
\.


--
-- Data for Name: b; Type: TABLE DATA; Schema: public; Owner: test
--

COPY b (id, y) FROM stdin;
1	0.250076562
2	-1.12388504
3	0.621113896
4	-0.16760157
5	-1.5554564
6	0.176245779
7	0.357197016
8	-0.304646343
10	-1.57604289
11	0.621581912
12	-0.662103355
13	-0.933637142
14	1.38478947
15	0.283682853
16	-0.447197497
17	0.460258096
19	-0.0071323663
20	0.721592307
21	0.884070873
22	-0.517631531
23	-1.42696309
24	-0.94899714
25	0.742242336
26	1.67504334
28	-0.753364146
29	0.354482532
30	-0.464009613
31	0.881089985
32	0.730965018
33	-1.93929803
34	-0.703374565
35	-0.87059927
37	-1.15955174
38	-0.6844365
39	1.56655276
40	-0.138471633
41	1.11308646
42	-0.213285074
43	-1.05213642
44	-0.716017842
46	0.416805595
47	2.33204365
48	1.27319515
49	-0.620453417
50	-0.760047555
51	-0.319833726
52	-0.162429705
53	-1.33955991
55	0.0565532632
56	-0.745724499
57	-0.301250488
58	-0.655488014
59	-0.554171622
60	0.352345437
61	2.64893961
62	0.940073311
64	-0.0947272554
65	-2.72497272
66	0.443119884
67	-0.132780969
68	0.0212375224
69	-0.825312614
70	0.724717319
71	0.0575428568
73	0.478101075
227	0.211789057
228	0.00271685701
229	1.99280095
230	-1.81650186
231	-1.28748083
232	0.916542351
233	0.128821343
234	-0.243222013
236	0.217652321
237	-1.19609261
238	-0.525767744
239	0.197992682
240	1.13438928
241	-0.366945863
242	0.0596053228
243	0.466736287
245	-0.29016611
246	0.280554414
247	-2.19211817
248	-0.904951632
249	0.385611743
250	0.195373595
251	-1.94569349
252	1.18797839
254	1.15001452
255	0.50451225
256	0.236595124
257	-0.583733261
258	0.063841328
259	-0.893166363
260	-0.312186867
261	-1.10647261
263	-0.235549897
264	-1.12966478
265	-1.41892529
266	-1.40489197
267	0.511840165
268	-0.683540165
269	1.02997828
270	-2.16552162
272	-0.519907176
273	0.200942755
274	-1.69016421
275	-0.497366965
276	0.557588696
277	-1.88588524
278	0.382682532
279	0.694593906
281	0.422470629
282	-0.481447101
283	1.21160936
284	-1.60157549
285	-0.694262862
286	0.165497407
287	0.656213641
288	1.38949811
290	2.24360919
291	-0.545701027
292	-1.41246831
293	-1.57268143
294	-1.29915619
295	0.301836282
296	0.443404764
297	0.477535695
299	0.837248504
453	-1.41084099
454	0.266037345
455	0.610859036
456	0.497692138
457	0.881478965
458	-0.753671408
459	0.609600842
460	0.49082303
462	-0.273738891
463	-1.44562149
464	-0.552164137
465	0.973594725
466	-1.38758516
467	0.437693894
468	-0.219291329
469	-0.0204548333
471	1.17760432
472	-1.1481396
473	0.207848698
474	-1.34037352
475	-0.529548764
476	-0.331368506
477	-0.481414914
478	-0.205395401
480	-0.384389192
481	0.017856434
482	-2.33738637
483	0.0579273179
484	-0.366833121
485	0.492248952
486	-0.128192976
487	0.14983055
489	0.939767063
490	0.138385847
491	0.147955596
492	1.01173592
493	-3.12389803
494	-0.632749975
495	-2.87631321
496	-0.789533436
498	-1.14123023
499	0.0451612473
500	0.831918657
501	0.251616776
502	-0.337570816
503	0.652173042
504	-0.641886473
505	0.858761847
507	-1.18781137
508	-0.594937801
509	-0.0916689262
510	1.34348655
511	-0.0677263513
512	-0.00270308997
513	0.477622449
514	-0.262726575
516	0.292029858
517	-0.440607905
518	-0.503343105
519	1.35964596
520	0.714845777
521	0.546489894
522	-0.95339036
523	-0.574331284
525	-0.78714478
679	0.573398829
680	0.585717618
681	-0.480382383
682	-1.03182483
683	0.0168147851
684	0.56562978
685	0.227626175
686	2.16298103
688	-1.12996149
689	1.30789649
690	-1.02774155
691	-0.21969007
692	-1.40972281
693	-0.764196455
694	-0.996914804
695	-0.999874234
697	-0.219011456
698	-1.91409123
699	0.928795815
700	1.30619502
701	-0.609260559
702	-0.872038484
703	0.20911333
704	1.90324998
706	-0.165881932
707	-0.488997072
708	0.839963138
709	-0.857647479
710	-0.380524099
711	-0.292762518
712	-0.161984652
713	0.347659647
715	-0.271058112
716	-0.246279344
717	-0.860052109
718	0.0189414192
719	0.56027633
720	0.341289073
721	-0.219403058
722	0.0592321344
724	-1.65538287
725	0.0545191877
726	-0.0328026526
727	-0.502050817
728	0.846652389
729	0.963819504
730	0.0280688163
731	-0.454183489
733	-1.1238749
734	0.429080427
735	0.392591864
736	0.0548836514
737	-0.840929329
738	-0.819449544
739	0.297838718
740	0.512340188
742	0.821188092
743	-0.948444545
744	0.717664719
745	0.717438877
746	-1.49313271
747	-1.06851614
748	0.447368622
749	0.421059519
751	0.08095292
0	0.862236083
9	-0.542977452
18	-0.715201855
27	-1.11297071
36	-0.553800762
45	0.208584055
54	0.297529876
63	-1.3647052
72	1.74996781
74	0.677716494
75	-0.610348344
76	-0.455497324
77	-0.401879907
78	-0.0892766714
79	-0.207115725
80	0.609260499
81	-2.165766
82	-1.07376397
83	0.705682158
84	-0.180316627
85	0.443846554
86	0.236627415
87	0.615348101
88	0.510437548
89	-0.385953575
90	-0.24683173
91	1.79435122
92	0.906592727
93	0.199329957
94	0.121128224
95	0.32331863
96	-0.389647752
97	0.22182332
98	-0.456358552
99	0.494199604
100	-0.630599439
101	0.0233566854
102	-1.23439932
103	0.179250255
104	0.493165463
105	0.265734971
106	0.526147246
107	-0.0835393146
108	1.39193118
109	0.600673556
110	-0.923306763
111	-0.340922505
112	-0.295211613
113	0.641457081
114	-0.643917799
115	0.0763254166
116	-1.12419474
117	-0.5841645
118	-0.271152288
119	0.173391014
120	-0.73440522
121	1.1671201
122	1.3874737
123	-0.524205387
124	-0.0757925585
125	-1.01797831
126	-1.4914341
127	0.840601325
128	0.972689331
129	1.27903759
130	0.173257679
131	1.36758125
132	-0.51577878
133	-0.0865700692
134	0.423957139
135	-0.47958073
136	-0.780483484
137	-0.531960845
138	-0.463164866
139	-0.518404722
140	0.92539084
141	0.160784975
142	-0.590705693
143	-0.931410491
144	-0.206943795
145	-1.12520981
146	0.545395494
147	-0.0248410273
148	1.42511928
149	0.672482967
150	0.131183833
151	-0.356711924
152	0.305731714
153	-1.43366325
154	-0.0946103856
155	0.69420594
156	0.574464381
157	-0.452141672
158	0.972489476
159	0.138247684
160	0.977947593
161	-0.0598891936
162	0.826838076
163	-0.503654182
164	1.05182433
165	0.915789247
166	-0.634640336
167	0.351531774
168	0.734547257
169	-0.63985157
170	-0.179289803
171	0.888855815
172	0.345986128
173	-0.297516346
174	1.90399408
175	0.258623809
176	1.16418517
177	-0.621237814
178	2.06280804
179	-0.326613843
180	-0.121380977
181	-0.715696394
182	0.354794174
183	-0.558566988
184	1.56355166
185	0.473203301
186	-0.205664352
187	-0.0820238739
188	2.50621104
189	-0.997989535
190	-0.60564208
191	0.94867903
192	0.327845424
193	-0.457952291
194	0.125611976
905	-1.00107968
906	1.17099166
907	-0.165288165
908	-0.211064279
909	0.202991351
910	0.514788628
911	-0.32904616
912	2.67267227
914	-0.567855299
915	0.416465223
916	0.642609656
917	0.596187234
918	-0.134260625
919	-0.452100545
920	-0.526776314
921	1.68757248
923	-0.554551959
924	-0.44064191
925	-0.449218094
926	0.112006918
927	1.39527988
928	-0.264915913
929	0.145501211
930	0.202688962
932	-0.0725041702
933	-0.454552501
934	-0.498460501
935	-0.580818236
936	-0.31159851
937	1.18150342
938	-0.0491643585
939	0.874765694
941	-1.20240486
942	-0.363481581
943	-0.26264286
944	0.536378384
945	-0.369767427
946	0.865977645
947	0.600243926
948	-0.0358941108
950	-0.0149977682
951	0.465732157
952	-0.79197669
953	-0.595997095
954	0.960458815
955	-0.514085948
956	0.368823379
957	0.0564621426
959	-0.790449679
960	-0.0713879913
961	1.02044773
962	0.702351749
963	-0.398844987
964	-0.973085523
965	1.11493838
966	1.12391746
968	0.167085752
969	3.68692946
970	-0.45032385
971	0.558767796
972	0.249048471
973	-0.623809159
974	-1.75072062
975	-0.772023678
977	-0.50049752
195	-0.421475351
196	-0.803041637
197	0.871638894
198	-1.49270964
199	-0.918021977
200	-0.622102201
201	-0.418949097
202	0.260769099
203	0.156742439
204	-1.14274049
205	0.49731335
206	1.02147937
207	1.01868403
208	0.427987516
209	1.55091822
210	0.204561338
211	0.0832167342
212	-0.24115485
213	-1.228567
214	0.489940286
215	0.0347627215
216	0.55024153
217	-0.996558666
218	-1.45717931
219	1.59847236
220	0.418162227
221	0.0297115054
222	-0.22188966
223	-1.4019556
224	-0.741505802
225	-0.159168437
226	0.900926948
235	-0.377624989
244	1.33202136
253	-0.000954698015
262	-0.566096425
271	-1.04516566
280	0.434706807
289	-0.0576995984
298	0.0878157318
300	0.0566479526
301	-0.456456155
302	0.510443985
303	0.694819629
304	-0.22199522
305	-0.176227897
306	-1.75767219
307	-1.54349995
308	0.257247955
309	-0.0264905971
310	-0.153675914
311	0.0813107714
312	-1.57296312
313	0.826686263
314	-0.634821355
315	1.00362551
316	-0.765079796
317	1.2650032
318	0.213744223
319	-0.242501467
320	-0.321325898
321	-0.995550334
322	0.12408828
323	0.113283955
324	0.214196473
325	-0.885588884
326	-2.18084455
327	1.6536721
328	-1.15274835
329	-0.632445753
330	-0.257650703
331	0.657310903
332	0.947846591
333	-0.608306944
334	-0.374690831
335	-0.156712443
336	0.0839038566
337	-0.63528806
338	1.14187348
339	0.679343462
340	-0.0918511227
341	-0.681497931
342	-0.158073723
343	-1.90018833
344	0.189419955
345	-0.0427813157
346	-0.120011792
347	-0.0769783333
348	-0.585318267
349	0.551291227
350	0.961701751
351	-2.00153732
352	-0.14777033
353	-2.42841125
354	-0.770552278
355	0.171287566
356	-0.311730176
357	0.523459733
358	-0.952985942
359	-1.04549575
360	1.47364187
361	-0.862996221
362	-0.177791819
363	-0.100156464
364	-0.564286113
365	-0.869304419
366	0.895403028
367	-0.448119015
368	-0.645413041
369	0.0596176684
370	0.324476689
371	0.672596395
372	0.230008319
373	1.51129723
374	0.546671331
375	-0.931116939
376	1.20285285
377	0.0549014732
378	0.725394309
379	0.175683454
380	-0.47162652
381	0.913526714
382	-0.969521523
383	1.32732701
384	0.0509675518
385	-0.920741677
386	0.0207136497
387	0.781316698
388	-0.18764098
389	-0.232594073
390	0.400825888
391	0.781059921
392	-1.16767681
393	2.29238462
394	0.255260736
395	0.432582229
396	0.130669475
397	1.31301296
398	0.781932294
399	-0.154582247
400	0.984011471
401	-0.42176947
402	-1.42708898
403	-1.01131403
404	-0.373572052
405	-0.0963230804
406	0.270662785
407	-0.112826698
408	-0.0367768556
409	-0.654213727
410	-0.335960597
411	0.0605057217
412	-0.855665982
413	0.736880541
414	-1.63304853
415	0.517987669
416	-1.1635294
417	-1.27442193
418	-0.334673971
419	0.51675874
420	-0.126619115
421	-0.48973009
422	-0.763390481
423	0.0765187517
424	0.87179637
425	-0.943855584
426	-0.180865839
427	-0.282991439
428	0.425606072
429	-0.3163037
430	0.728447556
431	-0.0720979646
432	0.0570591688
433	-0.204677522
434	2.11662745
435	0.684331417
436	-0.749943078
437	-1.03144526
438	-1.06620598
439	0.284444541
440	-0.174103171
441	-0.22683771
442	-0.222217038
443	-0.158138275
444	0.453955948
445	-0.341848999
446	-0.308421969
447	0.342637718
448	0.0985042751
449	-0.646783352
450	-0.33112517
451	0.508945823
452	0.684529603
461	1.17601502
470	-1.35922122
479	-0.308032691
488	0.817502677
497	0.545952916
506	0.0517864376
515	-0.812306106
524	0.0982266441
526	0.278241247
527	1.20019245
528	-1.3021425
529	-0.114885256
530	-0.239085764
531	1.96703649
532	-1.08841407
533	2.23615217
534	-1.79931164
535	-0.191637456
536	0.269083261
537	-0.160315469
538	-1.00671065
539	0.0374747328
540	-0.36251393
541	2.46704912
542	-1.68253493
543	1.98779845
544	0.732691646
545	-0.0322141089
546	0.56197077
547	-1.03216422
548	-1.89813149
549	-0.30737564
550	-0.729971945
551	-0.726442218
552	0.143377051
553	0.01396624
554	-1.27921188
555	-0.0370036289
556	-0.534994125
557	-1.30175793
558	-1.31374454
559	0.161312342
560	-0.583082318
561	-0.180814385
562	0.567648292
563	-0.219426602
564	1.01705337
565	1.00104582
566	-0.184839249
567	-0.42337516
568	-0.262788206
569	0.00633806176
570	-1.1668433
571	0.565201819
572	0.482431471
573	0.280819178
574	1.52412713
575	-0.795243025
576	-0.549623311
577	-0.521523416
578	-0.250913262
579	-0.537762702
580	0.303649813
581	-0.0198560264
582	0.812444091
583	-0.16632767
584	0.996349394
585	-0.229039699
586	0.959420383
587	-0.292094588
588	-1.17145479
589	-0.588749528
590	1.77220547
591	-0.521510005
592	-0.65813756
593	0.674137235
594	0.341758758
595	0.740161002
596	-0.19691819
597	0.142561406
598	1.03846836
599	0.754765272
600	0.417249441
601	-1.32789433
602	-1.68796384
603	-0.0611933991
604	-0.46107778
605	-0.54978466
606	-2.07052755
607	0.722788751
608	-0.782454908
609	-1.27207434
610	-1.69644904
611	0.366415739
612	-0.134617269
613	0.0969192684
614	0.951532364
615	-0.494580597
616	2.36882567
617	-0.311101496
618	0.100167058
619	0.0592179522
620	-0.975761473
621	0.518377423
622	0.70815587
623	-2.16519785
624	-1.17569327
625	0.757938087
626	-0.445080161
627	-1.03856003
628	0.588017941
629	0.446271002
630	-0.550545335
631	1.80589592
632	-0.513969243
633	-0.549919963
634	0.30089727
635	-0.135361299
636	0.518380463
637	-0.660698831
638	-1.50501835
639	1.19613183
640	0.334517121
641	0.146084666
642	1.03406119
643	1.47724402
644	-0.786658049
645	-0.975227356
646	-0.730363369
647	-0.370192289
648	-0.211178005
649	1.12205946
650	-1.73291135
651	0.212175041
652	0.705952942
653	-0.512081742
654	-0.17119202
655	-0.595211029
656	-0.425385654
657	-1.09358287
658	1.05717766
659	0.503115416
660	-0.579406023
661	-0.395058364
662	-0.3145051
663	-0.452362329
664	-1.11621583
665	-0.206763119
666	0.2433099
667	-1.25651443
668	-1.24807692
669	-0.365024745
670	-0.439410239
671	0.76757127
672	0.703050852
673	-0.144688532
674	-0.39286381
675	-0.0957198367
676	-0.406927675
677	-0.593748868
678	1.13676715
687	-0.0966970772
696	0.449495405
705	1.224823
714	1.49538207
723	-1.16244864
732	0.00562120741
741	0.420476496
750	-1.21194935
752	0.49411884
753	-1.16692638
754	-0.549060643
755	-1.60956204
756	-0.184804618
757	-0.42945528
758	-1.11827517
759	-0.928116679
760	-0.680721819
761	1.42157555
762	0.225973099
763	-0.448904157
764	0.290292144
765	-1.14275038
766	-0.190008283
767	3.03909063
768	0.0472020321
769	-0.0231499895
770	0.127564833
771	1.97399628
772	0.472229064
773	-1.21930122
774	-0.181461304
775	0.546725512
776	-0.24923943
777	0.177144557
778	-0.432712883
779	0.50169915
780	0.32754153
781	1.11159945
782	-1.00666368
783	1.26667595
784	-1.79526532
785	-0.167794541
786	0.397264302
787	-1.62756491
788	-0.0701632425
789	-1.14272761
790	0.139062166
791	-1.03597128
792	-0.148129612
793	0.84083575
794	-0.96871835
795	-1.6809324
796	-0.778539836
797	-0.218405649
798	-0.285909057
799	1.23951912
800	-1.85440779
801	0.235646918
802	-1.12638593
803	-0.624266744
804	0.443963438
805	1.33790851
806	-2.20413852
807	-0.638544023
808	-1.2997297
809	0.0438151062
810	-0.402780771
811	-1.68067884
812	-0.144687086
813	0.885613322
814	0.28118962
815	0.852590978
816	-1.19232583
817	-0.40241766
818	-0.466440767
819	-1.34045112
820	-1.12358975
821	-1.73517048
822	0.700751483
823	-2.44244599
824	-0.12294554
825	1.26313412
826	0.0530909151
827	-0.0609284453
828	-0.0177885853
829	0.0898388997
830	0.256452024
831	0.191539168
832	0.106800422
833	0.673328876
834	-0.756363094
835	-0.911496222
836	-0.89000994
837	-1.28240871
838	-1.93047023
839	0.0976459607
840	-0.609221816
841	-0.765385747
842	0.601091444
843	-0.547791004
844	-0.450045198
845	0.049218718
846	0.805448771
847	0.895383835
848	-0.605165601
849	-0.669720232
850	-0.396099448
851	-0.49472934
852	0.352370143
853	-1.01213038
854	-1.48098207
855	1.15360332
856	-0.112135075
857	-0.248367712
858	2.15450573
859	0.332997084
860	-0.318309069
861	0.704102695
862	0.155816242
863	0.3846443
864	-0.513856113
865	-1.17199397
866	-0.948421299
867	0.488764107
868	-0.33646071
869	-0.358689159
870	-0.465605646
871	0.171797171
872	1.18958819
873	-0.771525204
874	0.0584411174
875	-0.345532238
876	0.0710719153
877	-0.707513809
878	-0.659469664
879	-0.540402353
880	-0.00174040254
881	-0.481863171
882	0.15983969
883	0.821965337
884	0.497705817
885	0.737112224
886	-0.0112573309
887	0.58546561
888	-0.494782865
889	1.94098938
890	0.577061057
891	0.939590335
892	-0.114065878
893	1.9738096
894	0.0207423475
895	0.158749431
896	-0.482642114
897	-0.0912191719
898	-1.04460812
899	1.09139252
900	2.25488997
901	-0.26619944
902	1.53144515
903	1.51909864
904	-0.81531328
913	-1.75996792
922	0.132825345
931	-0.541253209
940	-0.124013379
949	1.71007383
958	0.532403409
967	-0.570671141
976	0.807751477
978	-0.510019243
979	-0.33272016
980	-0.453567147
981	1.36757767
982	-0.746856272
983	-1.84937811
984	0.772384524
985	-0.441443115
986	0.655500054
987	-0.627814412
988	0.533631384
989	-0.555933058
990	1.44994104
991	-0.944055974
992	-2.0047946
993	1.31124151
994	-0.253262818
995	-0.135662526
996	-2.17979288
997	-0.0608110391
998	0.53880626
999	1.37998092
\.


--
-- Data for Name: bc; Type: TABLE DATA; Schema: public; Owner: test
--

COPY bc (id, b_id, c_id) FROM stdin;
0	730	0
1	331	0
2	565	1
3	845	1
4	288	2
5	118	2
6	252	3
7	387	3
8	857	4
9	506	4
10	205	5
11	534	5
12	45	6
13	301	6
14	428	7
15	698	7
16	60	8
17	285	8
18	381	9
19	395	9
20	771	10
21	196	10
22	417	11
23	789	11
24	611	12
25	680	12
26	438	13
27	151	13
28	228	14
29	806	14
30	398	15
31	960	15
32	754	16
33	16	16
34	114	17
35	856	17
36	551	18
37	697	18
38	298	19
39	895	19
40	437	20
41	753	20
42	318	21
43	977	21
44	464	22
45	928	22
46	186	23
47	382	23
48	561	24
49	610	24
50	740	25
51	830	25
52	477	26
53	452	26
54	214	27
55	694	27
56	126	28
57	8	28
58	322	29
59	380	29
60	600	30
61	352	30
62	434	31
63	353	31
64	764	32
65	589	32
66	245	33
67	345	33
68	647	34
69	420	34
70	283	35
71	962	35
72	820	36
73	582	36
74	727	37
75	901	37
76	439	38
77	208	38
78	23	39
79	57	39
80	499	40
81	825	40
82	751	41
83	790	41
84	921	42
85	193	42
86	117	43
87	158	43
88	931	44
89	890	44
90	755	45
91	391	45
92	941	46
93	949	46
94	507	47
95	861	47
96	259	48
97	172	48
98	780	49
99	373	49
100	502	50
101	204	50
102	877	51
103	495	51
104	150	52
105	28	52
106	243	53
107	557	53
108	993	54
109	543	54
110	859	55
111	900	55
112	533	56
113	347	56
114	101	57
115	976	57
116	224	58
117	253	58
118	423	59
119	700	59
120	840	60
121	250	60
122	460	61
123	521	61
124	523	62
125	585	62
126	726	63
127	389	63
128	530	64
129	558	64
130	81	65
131	988	65
132	359	66
133	911	66
134	199	67
135	414	67
136	14	68
137	467	68
138	657	69
139	215	69
140	231	70
141	58	70
142	284	71
143	110	71
144	848	72
145	970	72
146	51	73
147	262	73
148	992	74
149	758	74
150	498	75
151	145	75
152	774	76
153	234	76
154	767	77
155	669	77
156	779	78
157	897	78
158	106	79
159	957	79
160	981	80
161	876	80
162	560	81
163	772	81
164	326	82
165	281	82
166	43	83
167	207	83
168	548	84
169	813	84
170	985	85
171	407	85
172	112	86
173	719	86
174	571	87
175	122	87
176	602	88
177	591	88
178	515	89
179	686	89
180	852	90
181	559	90
182	746	91
183	784	91
184	343	92
185	36	92
186	91	93
187	667	93
188	482	94
189	11	94
190	795	95
191	650	95
192	310	96
193	492	96
194	69	97
195	71	97
196	404	98
197	248	98
198	157	99
199	127	99
200	466	100
201	22	100
202	576	101
203	867	101
204	333	102
205	752	102
206	580	103
207	472	103
208	349	104
209	86	104
210	810	105
211	24	105
212	265	106
213	123	106
214	908	107
215	750	107
216	109	108
217	659	108
218	450	109
219	782	109
220	475	110
221	282	110
222	737	111
223	338	111
224	860	112
225	257	112
226	103	113
227	388	113
228	277	114
229	456	114
230	766	115
231	923	115
232	500	116
233	761	116
234	346	117
235	42	117
236	634	118
237	237	118
238	805	119
239	401	119
240	920	120
241	982	120
242	180	121
243	132	121
244	509	122
245	85	122
246	92	123
247	483	123
248	563	124
249	149	124
250	165	125
251	65	125
252	826	126
253	607	126
254	947	127
255	295	127
256	578	128
257	998	128
258	777	129
259	453	129
260	355	130
261	184	130
262	303	131
263	134	131
264	541	132
265	457	132
266	115	133
267	30	133
268	26	134
269	41	134
270	597	135
271	73	135
272	63	136
273	614	136
274	707	137
275	275	137
276	75	138
277	865	138
278	206	139
279	964	139
280	293	140
281	956	140
282	639	141
283	912	141
284	756	142
285	175	142
286	544	143
287	885	143
288	46	144
289	679	144
290	562	145
291	432	145
292	37	146
293	770	146
294	676	147
295	926	147
296	279	148
297	494	148
298	685	149
299	308	149
300	665	150
301	703	150
302	623	151
303	870	151
304	934	152
305	528	152
306	744	153
307	883	153
308	925	154
309	567	154
310	909	155
311	546	155
312	762	156
313	718	156
314	141	157
315	348	157
316	542	158
317	575	158
318	286	159
319	309	159
320	814	160
321	935	160
322	255	161
323	258	161
324	604	162
325	588	162
326	907	163
327	189	163
328	673	164
329	138	164
330	763	165
331	431	165
332	95	166
333	20	166
334	595	167
335	416	167
336	568	168
337	161	168
338	222	169
339	119	169
340	418	170
341	386	170
342	74	171
343	609	171
344	552	172
345	844	172
346	991	173
347	52	173
348	672	174
349	791	174
350	793	175
351	153	175
352	880	176
353	556	176
354	787	177
355	869	177
356	137	178
357	406	178
358	670	179
359	540	179
360	868	180
361	174	180
362	342	181
363	160	181
364	586	182
365	965	182
366	705	183
367	449	183
368	102	184
369	44	184
370	742	185
371	167	185
372	319	186
373	954	186
374	554	187
375	872	187
376	735	188
377	481	188
378	701	189
379	741	189
380	408	190
381	203	190
382	376	191
383	198	191
384	78	192
385	684	192
386	778	193
387	847	193
388	689	194
389	155	194
390	721	195
391	938	195
392	269	196
393	905	196
394	712	197
395	714	197
396	866	198
397	520	198
398	722	199
399	836	199
400	690	200
401	185	200
402	547	201
403	38	201
404	518	202
405	454	202
406	903	203
407	70	203
408	734	204
409	239	204
410	327	205
411	579	205
412	704	206
413	841	206
414	54	207
415	116	207
416	952	208
417	192	208
418	328	209
419	209	209
420	433	210
421	945	210
422	441	211
423	474	211
424	59	212
425	144	212
426	98	213
427	785	213
428	332	214
429	223	214
430	906	215
431	577	215
432	674	216
433	394	216
434	682	217
435	211	217
436	632	218
437	287	218
438	34	219
439	249	219
440	513	220
441	955	220
442	899	221
443	187	221
444	379	222
445	217	222
446	270	223
447	902	223
448	915	224
449	369	224
450	516	225
451	773	225
452	829	226
453	837	226
454	33	227
455	620	227
456	372	228
457	892	228
458	967	229
459	723	229
460	687	230
461	226	230
462	538	231
463	40	231
464	266	232
465	584	232
466	289	233
467	146	233
468	148	234
469	802	234
470	19	235
471	188	235
472	622	236
473	765	236
474	980	237
475	628	237
476	233	238
477	933	238
478	878	239
479	402	239
480	362	240
481	321	240
482	113	241
483	846	241
484	422	242
485	476	242
486	425	243
487	197	243
488	671	244
489	997	244
490	53	245
491	794	245
492	84	246
493	823	246
494	489	247
495	201	247
496	625	248
497	524	248
498	484	249
499	264	249
500	508	250
501	4	250
502	573	251
503	317	251
504	929	252
505	227	252
506	587	253
507	871	253
508	910	254
509	221	254
510	536	255
511	569	255
512	835	256
513	128	256
514	768	257
515	400	257
516	465	258
517	831	258
518	320	259
519	0	259
520	716	260
521	375	260
522	170	261
523	636	261
524	200	262
525	709	262
526	17	263
527	706	263
528	984	264
529	240	264
530	601	265
531	219	265
532	5	266
533	64	266
534	958	267
535	724	267
536	918	268
537	688	268
538	629	269
539	683	269
540	403	270
541	1	270
542	164	271
543	371	271
544	594	272
545	478	272
546	776	273
547	183	273
548	969	274
549	853	274
550	130	275
551	79	275
552	959	276
553	654	276
554	139	277
555	678	277
556	975	278
557	616	278
558	808	279
559	261	279
560	329	280
561	961	280
562	796	281
563	76	281
564	47	282
565	390	282
566	864	283
567	512	283
568	468	284
569	519	284
570	419	285
571	637	285
572	194	286
573	10	286
574	447	287
575	446	287
576	526	288
577	553	288
578	429	289
579	775	289
580	891	290
581	399	290
582	855	291
583	635	291
584	801	292
585	531	292
586	651	293
587	12	293
588	932	294
589	393	294
590	140	295
591	828	295
592	930	296
593	80	296
594	445	297
595	904	297
596	881	298
597	87	298
598	29	299
599	361	299
600	27	300
601	792	300
602	90	301
603	66	301
604	178	302
605	630	302
606	3	303
607	951	303
608	67	304
609	612	304
610	545	305
611	135	305
612	443	306
613	503	306
614	917	307
615	444	307
616	254	308
617	972	308
618	294	309
619	480	309
620	850	310
621	738	310
622	873	311
623	311	311
624	663	312
625	377	312
626	271	313
627	232	313
628	299	314
629	896	314
630	618	315
631	305	315
632	968	316
633	111	316
634	177	317
635	989	317
636	251	318
637	424	318
638	314	319
639	598	319
640	104	320
641	645	320
642	323	321
643	919	321
644	159	322
645	525	322
646	711	323
647	862	323
648	661	324
649	156	324
650	807	325
651	788	325
652	39	326
653	606	326
654	487	327
655	378	327
656	430	328
657	812	328
658	882	329
659	608	329
660	471	330
661	426	330
662	613	331
663	532	331
664	627	332
665	574	332
666	649	333
667	451	333
668	413	334
669	939	334
670	843	335
671	994	335
672	797	336
673	339	336
674	190	337
675	641	337
676	966	338
677	615	338
678	710	339
679	486	339
680	442	340
681	832	340
682	743	341
683	539	341
684	675	342
685	246	342
686	77	343
687	827	343
688	35	344
689	529	344
690	268	345
691	739	345
692	360	346
693	129	346
694	462	347
695	713	347
696	242	348
697	107	348
698	297	349
699	652	349
700	410	350
701	824	350
702	572	351
703	405	351
704	879	352
705	817	352
706	748	353
707	488	353
708	927	354
709	990	354
710	427	355
711	888	355
712	50	356
713	693	356
714	592	357
715	195	357
716	313	358
717	974	358
718	564	359
719	646	359
720	692	360
721	7	360
722	522	361
723	842	361
724	497	362
725	25	362
726	6	363
727	470	363
728	302	364
729	691	364
730	555	365
731	626	365
732	273	366
733	341	366
734	2	367
735	363	367
736	644	368
737	9	368
738	979	369
739	924	369
740	725	370
741	884	370
742	125	371
743	833	371
744	440	372
745	593	372
746	412	373
747	136	373
748	668	374
749	213	374
750	364	375
751	93	375
752	702	376
753	335	376
754	596	377
755	276	377
756	944	378
757	886	378
758	68	379
759	436	379
760	603	380
761	728	380
762	570	381
763	336	381
764	120	382
765	306	382
766	166	383
767	666	383
768	514	384
769	648	384
770	995	385
771	121	385
772	385	386
773	550	386
774	781	387
775	344	387
776	815	388
777	624	388
778	950	389
779	366	389
780	916	390
781	458	390
782	324	391
783	176	391
784	315	392
785	383	392
786	811	393
787	280	393
788	729	394
789	914	394
790	940	395
791	49	395
792	191	396
793	216	396
794	854	397
795	325	397
796	225	398
797	31	398
798	677	399
799	337	399
800	351	400
801	643	400
802	21	401
803	278	401
804	397	402
805	365	402
806	18	403
807	818	403
808	256	404
809	617	404
810	274	405
811	105	405
812	409	406
813	340	406
814	171	407
815	312	407
816	913	408
817	849	408
818	13	409
819	640	409
820	491	410
821	973	410
822	296	411
823	210	411
824	55	412
825	987	412
826	759	413
827	181	413
828	655	414
829	236	414
830	448	415
831	350	415
832	660	416
833	822	416
834	94	417
835	505	417
836	642	418
837	455	418
838	583	419
839	88	419
840	816	420
841	971	420
842	717	421
843	230	421
844	653	422
845	334	422
846	875	423
847	621	423
848	421	424
849	62	424
850	263	425
851	946	425
852	720	426
853	986	426
854	272	427
855	307	427
856	354	428
857	260	428
858	247	429
859	411	429
860	179	430
861	56	430
862	229	431
863	461	431
864	747	432
865	83	432
866	736	433
867	212	433
868	527	434
869	581	434
870	330	435
871	15	435
872	699	436
873	658	436
874	819	437
875	605	437
876	154	438
877	374	438
878	463	439
879	936	439
880	267	440
881	435	440
882	89	441
883	893	441
884	510	442
885	745	442
886	392	443
887	241	443
888	100	444
889	384	444
890	357	445
891	996	445
892	887	446
893	749	446
894	590	447
895	889	447
896	619	448
897	953	448
898	82	449
899	537	449
900	501	450
901	874	450
902	731	451
903	760	451
904	733	452
905	599	452
906	839	453
907	943	453
908	142	454
909	732	454
910	162	455
911	32	455
912	948	456
913	566	456
914	511	457
915	96	457
916	356	458
917	202	458
918	358	459
919	290	459
920	292	460
921	708	460
922	473	461
923	182	461
924	838	462
925	999	462
926	662	463
927	108	463
928	370	464
929	368	464
930	163	465
931	469	465
932	798	466
933	291	466
934	479	467
935	834	467
936	238	468
937	821	468
938	169	469
939	696	469
940	809	470
941	316	470
942	894	471
943	173	471
944	783	472
945	300	472
946	415	473
947	147	473
948	304	474
949	131	474
950	978	475
951	858	475
952	97	476
953	963	476
954	769	477
955	681	477
956	99	478
957	72	478
958	367	479
959	851	479
960	244	480
961	517	480
962	942	481
963	631	481
964	48	482
965	937	482
966	490	483
967	695	483
968	863	484
969	983	484
970	152	485
971	922	485
972	799	486
973	143	486
974	633	487
975	715	487
976	638	488
977	396	488
978	124	489
979	168	489
980	757	490
981	133	490
982	549	491
983	61	491
984	218	492
985	493	492
986	235	493
987	786	493
988	800	494
989	664	494
990	459	495
991	535	495
992	485	496
993	220	496
994	656	497
995	804	497
996	803	498
997	504	498
998	496	499
999	898	499
\.


--
-- Data for Name: c; Type: TABLE DATA; Schema: public; Owner: test
--

COPY c (id, z, v) FROM stdin;
2	1.04110706	1.13228214
3	0.319287032	0.826920569
4	0.409222662	-0.362309009
5	-0.641579926	-0.155704111
6	0.60364002	-0.128335461
7	-0.31025824	0.338856697
8	-0.0864202306	1.15918028
10	-0.0162920021	-0.826570272
11	-0.782204628	-0.31575048
12	0.554900348	0.676209211
13	-1.05450165	-0.710579634
14	-0.678170323	-1.24794364
15	0.307402432	-0.167149648
16	-0.405595869	-0.948999941
17	-0.276574522	-0.0738953948
19	0.252623558	0.840714693
20	-1.419608	-1.2305907
21	0.0295473039	0.0184086524
22	-0.964488208	-1.25015914
23	0.129650623	-0.231693059
24	-1.0818311	-1.60955191
25	0.837820768	0.892342508
26	0.520537496	0.849060357
28	-0.624175549	-0.587972403
29	-0.0376495756	-0.135674804
30	0.776736081	1.25955927
31	0.431333095	0.899811983
32	0.0257003326	-0.229583606
33	-0.0551968589	0.578884959
34	0.371745825	0.172182068
35	0.592092752	-0.0440587923
37	-0.72300297	-1.31224954
38	-0.142933249	0.177419901
39	-0.738748372	-1.31089032
40	0.667366922	1.31148505
41	0.944590628	0.879312873
42	0.546904802	1.2418586
43	0.877927899	0.438863248
44	-0.332016766	-0.407902867
46	0.165892482	-0.277549386
47	-0.114745632	-0.328556567
48	-0.12195988	0.443220913
49	0.864707708	0.982180953
50	-0.177359879	-0.553446352
51	-1.27905953	-1.23677433
52	-0.955109775	-0.3394337
53	-0.422825605	-0.424182624
55	1.15698063	1.07646537
56	1.35310388	1.34677374
57	0.694428027	0.867998362
58	0.432255179	-0.00438231369
59	-0.126538545	1.03003681
60	-0.570154846	-0.638672948
61	0.552061081	0.677017689
62	0.426896721	0.3140558
64	-0.937852561	-1.56223965
65	-0.1898911	0.214147836
66	-0.592084587	-0.815499008
67	-1.0081017	-0.730718672
68	0.989815414	0.246617422
69	-0.745164573	-0.330221683
70	-0.815095007	-0.761816502
71	-1.60366285	-1.42259443
73	-0.238135889	-0.326225907
228	-0.694398403	-0.381585002
229	-0.579422176	-0.542441428
230	-0.166429952	0.520949304
231	-0.631818533	-0.138772547
232	-0.412093848	-0.38413927
233	0.0512780845	0.148096114
234	-0.0946215689	-0.173666432
236	0.0944800079	-0.249336436
237	-0.163575172	0.0934372917
238	-0.781630874	-0.339996219
239	-1.06663501	-0.643679261
240	-0.518917203	-1.00815797
241	0.771176934	0.0935369208
242	-0.678022861	-0.936541736
243	-0.0862006843	0.584099948
245	-0.639633298	-1.37932968
246	-1.19433534	-0.388621867
247	0.392014682	-0.319242448
248	0.000829363882	-0.200668365
249	-0.822084367	-0.614052176
250	-0.0927444026	-0.219369382
251	0.461549491	0.413710088
252	-0.0698722154	0.0567783155
254	0.568810523	0.310682893
255	0.680942953	0.804879427
256	0.182759956	0.824895203
257	0.165315256	0.863525867
258	0.977273762	1.16523457
259	0.669033527	0.824034572
260	0.0632062331	0.601209223
261	0.0845266655	-0.0156531837
263	-0.169921264	-0.111572288
264	0.170803607	-0.351368219
265	-0.0575965084	-0.207189769
266	-0.73978579	-1.35733628
267	-0.626802921	-0.625457525
268	-0.888029993	-0.636719823
269	0.278782487	0.550324202
270	0.0244121104	0.539474666
272	-0.293418884	-0.901036143
273	-0.284629226	-0.673890531
274	1.55414546	-0.0392941646
275	-0.45936957	-0.463782728
276	-0.334148586	-1.01976037
277	-0.05529451	-0.171785459
278	0.434365988	0.0801633671
279	-0.720089495	-0.792203069
281	0.339515239	1.31792116
282	2.01208878	1.14362299
283	-1.27183783	-1.71989059
284	0.0366234668	0.00862000789
285	0.134553477	-0.54470998
286	-1.07852817	-1.29479706
287	-0.671784103	-1.04006207
288	-0.11581213	-1.27722561
290	0.072195828	0.43868205
291	0.690869987	0.815821886
292	0.988978326	0.167553246
293	0.0484640524	0.147027358
294	0.533967555	-0.00108635554
295	0.403217584	0.663351059
296	0.577255189	0.899221182
297	-0.340980411	-0.702571571
299	-0.0430205651	0.696390688
454	-0.172795519	-0.0423263572
455	0.499552876	1.12225461
456	-0.0329599716	0.288675487
457	-0.227600604	-0.874070823
458	0.499783993	0.114726536
459	0.420643479	1.48353267
460	-0.0132059436	0.0331099592
462	-0.505010843	-0.586392641
463	0.579329908	0.936252356
464	0.284621567	0.689241111
465	-0.234473974	-1.22218454
466	-0.664636195	-0.216780439
467	-0.498984575	0.093339473
468	-1.20657194	-1.00335717
469	0.493130177	0.250695825
471	0.0728387535	0.279473811
472	0.290534467	1.06461656
473	0.257056087	-0.253913015
474	0.99619329	0.646028936
475	1.0659076	1.40061665
476	0.635882497	0.431627303
477	-0.394448221	0.019402232
478	1.19306767	0.895398676
480	-0.300241798	-0.25968942
481	0.826819539	0.891530871
482	1.89253402	1.17993915
483	-1.34344864	-1.0322274
484	-1.21623683	-1.28364146
485	0.560249567	0.69453609
486	0.182859749	0.736978054
487	-0.689005911	-1.34079051
489	0.571343958	0.934132874
490	-0.135586113	-0.224324062
491	1.05465066	1.54796398
492	-2.11026096	-2.57467318
493	0.195257306	0.00728540588
494	-1.59116673	-1.52883613
495	-0.00830875244	-0.57843852
496	1.27992737	1.33485019
498	-0.778529704	-0.741787195
499	-1.40512562	-1.68185043
0	0.0978563726	-0.269086361
9	0.734680653	1.68650901
27	0.330123037	0.153157085
36	-0.177993208	-0.795459211
54	1.88559043	1.37880838
63	0.100285277	0.520241439
72	-0.701633632	-0.541318357
75	-0.571040273	-0.935736954
76	-0.417439282	-0.201562852
77	0.719834924	0.787738085
79	-0.303032547	0.30194211
80	0.929589093	0.78313154
82	-0.144931182	-0.395030141
83	-0.196246311	-0.335181803
84	0.104041107	0.491875261
86	0.00724815344	0.419765323
87	1.09171379	1.13858557
88	-0.739473343	-0.867018223
90	-0.254536927	-0.0407270975
91	-1.99455333	-1.87949848
93	0.510356963	0.536845326
94	-0.758226275	-1.26005018
95	-1.41379559	-1.68763793
1	0.585967898	0.644959629
227	-1.30736363	-1.70717406
18	-0.848766506	-1.1161207
45	-0.536822498	0.156322718
74	-0.793414235	-0.879780829
78	0.371905893	0.328812152
81	-0.606804729	-0.284229457
85	-0.851301014	-0.997479141
89	0.870721877	0.969829381
92	-1.11799765	-0.39434889
96	0.433175683	0.457441866
97	-0.109477893	0.403841197
98	-1.047894	-0.549148619
99	0.207522497	0.565012932
100	-0.260310352	-0.323110044
101	-0.457766205	-0.561732471
102	-0.0693486631	0.316486567
103	-1.24426877	-0.947395742
104	1.30437577	1.10743487
105	-1.13006759	-0.991725206
106	-0.448321939	-0.306607127
107	-0.172977284	0.204157233
108	-0.594042003	-0.203157187
109	-0.538603365	-0.884092629
110	-0.824617386	-0.619182885
111	-0.277548611	-0.451881588
112	-0.709669054	-0.862706184
113	-0.52196306	-0.381997406
114	0.170313492	0.133053288
115	-0.267358303	-0.0675530806
116	0.710559368	0.968883812
117	-0.605973363	-0.424552619
118	-0.979925573	-0.884162545
119	0.0158605184	-0.53433007
120	-0.906220436	-1.05380297
121	-0.222069606	-0.338852614
122	-0.17180258	-0.222362563
123	-0.347750723	-0.184405193
124	0.556810379	1.01207733
125	-0.389175028	-0.871521831
126	-0.026917696	-0.291310132
127	-0.0106914928	0.35301435
128	-0.0520971157	0.134576261
129	-1.14844048	-1.22259092
130	0.795802534	-0.52541244
131	1.14799762	1.81898761
132	0.845470965	0.643508494
133	-0.852032065	-0.871878505
134	2.35276961	2.72971463
135	0.149826854	0.990476012
136	0.114797786	-0.345572919
137	-0.592100203	-0.151112497
138	-1.09933352	-0.379238725
139	0.176690161	0.504493058
140	0.0172845386	-0.0313323326
141	1.62976038	1.11685884
142	-0.546840429	0.147441849
143	0.188410506	0.00653079478
144	0.896565557	0.791331053
145	0.749673724	0.596528471
146	-0.80059284	-0.722684324
147	-0.153055862	0.643997848
309	-0.405310035	-0.772825778
310	-0.95748806	-0.856309354
311	-0.345565647	-0.52466023
313	-0.149380997	-0.258021653
314	-0.368197501	0.25726524
315	0.381671816	0.271838486
317	-0.981345534	-0.786390066
318	-0.873662829	-0.400987804
320	-0.926108062	-0.328017443
321	-1.15399599	-0.756447971
322	-0.615235806	-0.359138012
324	0.0977769196	-0.0476275645
325	0.155101016	0.306266338
326	-0.774065614	-0.707775176
328	0.480334014	0.148662403
329	-0.316416204	0.754338026
331	-1.63125777	-0.769470036
332	0.55725199	0.433810741
333	1.37280905	1.18070841
335	0.121781804	0.219215602
336	0.809199333	0.504670918
337	-0.48256585	-0.104437895
339	0.498383015	1.38817179
340	0.78794533	1.23035347
342	0.534044266	1.0867008
343	-1.43345141	-1.05023253
344	-0.0856832713	-0.0517066345
346	1.80095506	1.9060427
347	-0.383058131	-0.109464303
348	-0.0801087767	0.111934707
350	-0.61129576	-0.464192957
351	-0.808927059	-0.725564599
353	0.766492367	0.765802324
354	0.563248158	0.24257572
355	-0.888523221	-0.0763096809
357	0.0736071765	0.30310908
358	-0.0360197462	0.0650364384
359	0.379505098	0.0147710014
361	0.0537371524	-0.239493042
362	1.37398171	2.23754573
364	-0.611667693	-0.350032032
365	0.732145667	0.985503972
366	-0.273807526	0.0896797478
368	-0.285896331	0.483697742
369	-0.586054623	-0.879202545
370	-0.492655426	-1.11978662
372	-0.102631055	-0.030247286
373	-0.79030329	-0.809613407
375	-0.444749087	-0.511421263
376	-0.0962187424	-0.112275667
377	0.909657776	0.529834449
379	-0.273661464	-0.12333525
380	0.742398739	0.894046724
381	-0.441128582	-1.2703191
383	0.0930927098	-0.266022861
384	-0.240046531	-0.363047689
386	0.153278545	-0.283768445
387	0.755112469	0.991651058
388	0.533767819	1.36089718
390	0.576402128	1.48307002
391	-0.0126067102	0.847269118
392	0.909202814	0.0323573239
394	0.32078281	0.351958334
395	-0.406027883	-0.658647418
397	-1.66479421	-1.99392879
398	0.556653976	1.34792614
399	-0.201519608	0.610257566
401	-0.104754239	-0.68001163
402	0.140310079	0.380430669
403	-0.0805931315	0.47307542
405	-0.153908774	0.284808546
406	-0.742585599	-0.5463835
408	-1.5461396	-1.30249131
409	-0.225867257	-0.524903417
410	-0.0913215727	-0.386209607
412	0.34051609	-0.0984256268
413	-0.700034797	-0.361579478
414	-0.244927481	-0.801492274
416	0.474897504	0.56224227
148	0.117155127	-0.37141183
149	0.582638919	0.401642144
150	0.179914474	0.129630432
151	-1.75308418	-1.33435571
152	-1.36389995	-1.91338491
153	1.02357733	1.53386629
154	-0.536742926	-0.731311321
155	0.57202518	0.345099032
156	0.278029799	-0.290620536
157	-0.719543755	-0.421015441
158	-0.281855255	0.18973285
159	-0.0471551344	-0.364236712
160	-0.292865753	-0.261361927
161	1.02529049	0.859708548
162	-1.07758319	-0.381008923
163	-0.665547669	-0.604101717
164	-0.198831931	-0.138317987
165	-0.831631184	-0.647052169
166	0.623608887	1.67771721
167	0.063817516	-0.164940625
168	0.073394686	0.450957835
169	0.117352225	0.206943825
170	-0.093318671	-0.499935269
171	-0.538790047	-0.325297475
172	-0.0211075731	0.312847584
173	-0.107899778	-0.677174032
174	-0.471344382	-0.772559941
175	0.0614116192	0.358416408
176	-0.241562366	-0.0870055109
177	-0.74036324	-0.552414477
178	-0.524619579	-0.0192244016
179	-0.261557966	-0.289677411
180	0.666519821	0.293969274
181	1.47482228	1.72075379
182	0.186519355	0.402909487
183	0.551080763	0.815843761
184	-1.18172622	-1.36605549
185	-0.0870966017	-0.584765196
186	0.367618859	0.215307593
187	0.158607215	0.0849570855
188	0.121494733	0.379054606
189	-0.466419399	-1.17249811
190	-0.172677755	-0.849366486
191	-0.0735526755	-0.0660110265
192	0.852024972	0.847123146
193	0.0739814788	-0.536102951
194	0.467577517	1.00332499
195	-0.18644315	-0.234326139
196	0.187519163	1.15186095
197	1.21598434	0.234563738
198	0.0272239633	-0.0385105573
199	-0.595735192	-0.817167282
200	0.159015939	0.327996373
201	-1.08115065	-1.2785337
202	-0.359525502	0.681069136
203	1.63249302	0.836909175
204	0.763055205	0.318409771
205	1.04058456	0.578626037
206	0.0631103218	-0.410115629
207	-1.11864805	-0.793494582
208	-0.474859953	-0.618741751
209	-0.140853867	-0.783265054
210	0.51096344	0.903174639
211	-1.73554599	-1.94956172
212	-0.483410686	0.133769795
213	-0.0505032986	0.0676325858
214	-0.186559126	-0.383992553
215	0.646844029	-0.0442510843
216	-0.324830085	0.399315685
217	0.174692959	0.591037691
218	-1.00195432	-0.505334973
219	-0.17972289	-0.599966586
220	-0.102219954	0.0288434923
221	1.69225168	2.60995388
222	-0.515554011	-0.180271909
223	-0.414335549	-0.541071832
224	0.423154771	0.213859215
225	0.180736452	0.86747694
226	-1.4729259	-2.11606359
235	0.800934553	1.61020362
244	0.10486117	-0.365613133
253	0.209441274	0.622113705
262	0.0964486003	-0.5138188
271	0.781482339	1.70583391
280	0.0464053974	0.219160572
289	0.0718757659	-0.433455139
298	-0.998789907	-1.61683798
300	0.17304337	0.674649
301	-0.27404514	-0.663093925
302	0.0124305887	-0.433207959
303	0.271644026	0.69444859
304	-0.381325126	-0.351529896
305	-0.057079345	0.858179629
306	-0.347523153	-0.481877476
307	0.421948701	0.725861728
453	-0.506537676	-1.05868411
308	0.770752192	0.254620671
312	0.480081052	-0.985015929
316	-0.952346385	-0.990696728
319	-0.229795545	-0.326060772
323	0.60656476	0.75736475
327	0.102015324	0.457861185
330	1.35248554	0.695480824
334	0.656777143	0.281355143
338	0.606200993	0.822378159
341	-0.839670777	-0.671566486
345	-0.604747474	0.0522644147
349	0.0665644258	0.353899062
352	0.0287532154	-0.215561584
356	-1.06440091	-0.953316867
360	-0.164404705	-0.345007688
363	0.0837068111	0.412577271
367	-0.506551743	-0.363454133
371	-0.00543300482	-0.590135217
374	-1.19946384	-1.00613594
378	-0.120202877	-0.458228022
382	-1.1881814	-0.035063576
385	-0.0183683299	0.39162156
389	0.472255647	-0.094109796
393	-0.381154805	-0.00532870041
396	0.331010848	0.768770516
400	-0.0460542291	-0.0510700792
404	-0.0650683567	-1.09515917
407	-0.298349768	-0.605128825
411	0.449035466	0.134921029
415	0.336325377	-0.137068316
417	1.06005991	1.43544853
418	0.552065194	0.74692446
419	-0.32313779	0.329427034
420	-0.424609542	0.493676901
421	-1.19230962	-1.84009647
422	-0.680853009	0.283802241
423	-0.144233808	-0.214439616
424	-0.495467633	-0.525755346
425	0.329072118	0.434436023
426	-0.768534541	-0.207465753
427	-1.45558465	-1.27234924
428	0.268292099	-0.166939765
429	-0.962556958	-0.206689119
430	-0.438118011	-0.474399537
431	1.50677013	1.89014518
432	-0.197565079	-0.644195855
433	-0.0643782765	0.429699719
434	0.306922525	1.17312396
435	-0.316063762	-0.151377499
436	1.65751684	1.31669044
437	-1.06711435	-1.13534844
438	0.082821779	-0.41727218
439	-0.344560415	-0.0538324229
440	0.204018593	-0.159724489
441	1.09881532	0.935689926
442	0.490147918	1.26563215
443	-0.858026147	-0.0619680621
444	-0.668490171	-0.472412556
445	-0.295380175	-0.164018184
446	0.238460407	-0.0171538182
447	1.22445381	0.316073298
448	0.517911673	0.674701452
449	-0.026115125	-0.156536907
450	0.497282714	0.868636131
451	-0.308703631	-0.124081135
452	0.0945306867	0.190673903
461	-0.225962505	-0.360150337
470	-0.67161411	-0.878875077
479	-0.740165472	-0.182913259
488	-0.0725179687	0.775471091
497	0.00455601001	0.543917537
\.


--
-- Name: a_pkey; Type: CONSTRAINT; Schema: public; Owner: test; Tablespace: 
--

ALTER TABLE ONLY a
    ADD CONSTRAINT a_pkey PRIMARY KEY (id);


--
-- Name: ab_pkey; Type: CONSTRAINT; Schema: public; Owner: test; Tablespace: 
--

ALTER TABLE ONLY ab
    ADD CONSTRAINT ab_pkey PRIMARY KEY (id);


--
-- Name: b_pkey; Type: CONSTRAINT; Schema: public; Owner: test; Tablespace: 
--

ALTER TABLE ONLY b
    ADD CONSTRAINT b_pkey PRIMARY KEY (id);


--
-- Name: bc_pkey; Type: CONSTRAINT; Schema: public; Owner: test; Tablespace: 
--

ALTER TABLE ONLY bc
    ADD CONSTRAINT bc_pkey PRIMARY KEY (id);


--
-- Name: c_pkey; Type: CONSTRAINT; Schema: public; Owner: test; Tablespace: 
--

ALTER TABLE ONLY c
    ADD CONSTRAINT c_pkey PRIMARY KEY (id);


--
-- Name: ab_a_id_fkey; Type: FK CONSTRAINT; Schema: public; Owner: test
--

ALTER TABLE ONLY ab
    ADD CONSTRAINT ab_a_id_fkey FOREIGN KEY (a_id) REFERENCES a(id);


--
-- Name: ab_b_id_fkey; Type: FK CONSTRAINT; Schema: public; Owner: test
--

ALTER TABLE ONLY ab
    ADD CONSTRAINT ab_b_id_fkey FOREIGN KEY (b_id) REFERENCES b(id);


--
-- Name: bc_b_id_fkey; Type: FK CONSTRAINT; Schema: public; Owner: test
--

ALTER TABLE ONLY bc
    ADD CONSTRAINT bc_b_id_fkey FOREIGN KEY (b_id) REFERENCES b(id);


--
-- Name: bc_c_id_fkey; Type: FK CONSTRAINT; Schema: public; Owner: test
--

ALTER TABLE ONLY bc
    ADD CONSTRAINT bc_c_id_fkey FOREIGN KEY (c_id) REFERENCES c(id);


--
-- Name: public; Type: ACL; Schema: -; Owner: postgres
--

REVOKE ALL ON SCHEMA public FROM PUBLIC;
REVOKE ALL ON SCHEMA public FROM postgres;
GRANT ALL ON SCHEMA public TO postgres;
GRANT ALL ON SCHEMA public TO PUBLIC;


--
-- PostgreSQL database dump complete
--

